allocator,vol_in,vol_true,vol_out,optimism_pct,luck_pct,drift_pct,dist_to_oracle,max_weight,short_weight,n_effective,seed
HRP (single),0.1495,0.1462,0.1487,-2.205,1.714,-0.5287,1.1797,0.0827,0.0,18.1025,20260908
HRP (ward),0.1502,0.147,0.1498,-2.09,1.8597,-0.2692,1.1841,0.1014,0.0,17.7535,20260908
MinVar,0.1232,0.1451,0.1583,17.7432,9.0722,28.4251,1.05,0.2672,-0.5734,2.8984,20260908
MinVar long-only,0.1357,0.1411,0.1469,3.9815,4.127,8.2728,0.9308,0.1699,0.0,9.6096,20260908
MinVar shrunk 0.3,0.1304,0.1398,0.147,7.2474,5.0953,12.7119,0.8935,0.1512,-0.1427,8.2648,20260908
Equal weight,0.1557,0.148,0.1502,-4.9831,1.5201,-3.5388,1.2857,0.05,0.0,20.0,20260908
HRP (single),0.1441,0.1452,0.1409,0.7747,-2.9642,-2.2124,1.1754,0.1058,0.0,17.1634,20260909
HRP (ward),0.1425,0.1445,0.1398,1.4299,-3.2817,-1.8988,1.0885,0.1026,0.0,16.9293,20260909
MinVar,0.1076,0.1486,0.1457,38.071,-1.9841,35.3316,1.1702,0.3936,-0.5817,2.602,20260909
MinVar long-only,0.1245,0.1394,0.1359,11.9931,-2.5602,9.126,0.968,0.2489,0.0,8.2482,20260909
MinVar shrunk 0.3,0.117,0.1372,0.1331,17.2145,-2.9374,13.7714,0.7398,0.2239,-0.1662,6.9808,20260909
Equal weight,0.1505,0.146,0.1416,-2.9362,-3.016,-5.8636,1.2279,0.05,0.0,20.0,20260909
HRP (single),0.1333,0.1471,0.153,10.3366,3.9663,14.7129,1.3254,0.0963,0.0,17.2985,20260910
HRP (ward),0.1344,0.1476,0.1521,9.7887,3.0777,13.1677,1.391,0.1024,0.0,16.9293,20260910
MinVar,0.1058,0.1415,0.1427,33.7063,0.8759,34.8774,1.2142,0.2822,-0.3296,3.7515,20260910
MinVar long-only,0.1142,0.1393,0.1406,22.05,0.8824,23.127,1.0159,0.2122,0.0,7.3172,20260910
MinVar shrunk 0.3,0.1107,0.1381,0.1413,24.7041,2.3389,27.6208,1.0003,0.2039,-0.1021,7.2444,20260910
Equal weight,0.1429,0.1536,0.1581,7.5029,2.9435,10.6672,1.6022,0.05,0.0,20.0,20260910
HRP (single),0.1569,0.1562,0.161,-0.4614,3.1202,2.6444,1.7466,0.1098,0.0,17.2543,20260911
HRP (ward),0.1556,0.1543,0.1591,-0.8418,3.1011,2.2331,1.6872,0.0806,0.0,18.2918,20260911
MinVar,0.1221,0.1379,0.1325,12.9067,-3.9493,8.4476,0.9892,0.2999,-0.6197,2.6518,20260911
MinVar long-only,0.1369,0.1386,0.1405,1.2451,1.375,2.6372,1.02,0.1851,0.0,8.3392,20260911
MinVar shrunk 0.3,0.1301,0.1371,0.1373,5.363,0.2032,5.5771,0.9403,0.1996,-0.1654,6.5917,20260911
Equal weight,0.1608,0.1575,0.1636,-2.0358,3.858,1.7437,1.8215,0.05,0.0,20.0,20260911
HRP (single),0.1425,0.1429,0.1404,0.2986,-1.7821,-1.4889,1.4456,0.092,0.0,17.8908,20260912
HRP (ward),0.1422,0.1435,0.1407,0.948,-1.9651,-1.0357,1.4308,0.099,0.0,17.4167,20260912
MinVar,0.1072,0.1351,0.1335,26.1007,-1.2353,24.543,1.3756,0.4044,-0.6225,2.3966,20260912
MinVar long-only,0.1248,0.1309,0.1283,4.9122,-1.9983,2.8158,0.9771,0.2492,0.0,7.8274,20260912
MinVar shrunk 0.3,0.1154,0.1299,0.1271,12.5166,-2.145,10.1032,0.96,0.2398,-0.1737,6.0637,20260912
Equal weight,0.149,0.1482,0.1448,-0.5811,-2.3061,-2.8738,1.6253,0.05,0.0,20.0,20260912
HRP (single),0.1338,0.1592,0.1581,18.9879,-0.716,18.1359,0.7348,0.0888,0.0,16.7727,20260913
HRP (ward),0.1361,0.1601,0.1582,17.6085,-1.1432,16.2639,0.7771,0.082,0.0,17.5564,20260913
MinVar,0.1201,0.1624,0.1556,35.1887,-4.1834,29.5332,0.8592,0.1728,-0.1886,7.0605,20260913
MinVar long-only,0.124,0.1577,0.1526,27.1137,-3.1926,23.0554,0.6351,0.1454,0.0,11.2229,20260913
MinVar shrunk 0.3,0.1231,0.1579,0.1535,28.2967,-2.791,24.716,0.5664,0.1431,-0.0258,12.4505,20260913
Equal weight,0.1404,0.1597,0.1599,13.7035,0.1351,13.8571,0.7671,0.05,0.0,20.0,20260913
HRP (single),0.1599,0.1528,0.1505,-4.4481,-1.4984,-5.8799,1.0225,0.1042,0.0,18.1341,20260914
HRP (ward),0.1599,0.152,0.1489,-4.9558,-2.0473,-6.9016,0.97,0.077,0.0,18.4222,20260914
MinVar,0.1431,0.1533,0.1529,7.0835,-0.2615,6.8036,1.0851,0.2878,-0.3364,4.3353,20260914
MinVar long-only,0.1489,0.15,0.1471,0.682,-1.8787,-1.2096,0.8576,0.2154,0.0,8.8754,20260914
MinVar shrunk 0.3,0.1471,0.1468,0.1445,-0.191,-1.6042,-1.7921,0.6593,0.1907,-0.0697,9.7358,20260914
Equal weight,0.1627,0.1541,0.1521,-5.287,-1.2897,-6.5085,1.0504,0.05,0.0,20.0,20260914
HRP (single),0.1394,0.1342,0.1306,-3.7642,-2.6399,-6.3048,1.0074,0.0924,0.0,17.7602,20260915
HRP (ward),0.1404,0.1349,0.1313,-3.9191,-2.6356,-6.4514,1.0391,0.0795,0.0,18.0778,20260915
MinVar,0.1195,0.1315,0.1262,10.0383,-4.0814,5.5473,0.7975,0.3678,-0.4116,3.2848,20260915
MinVar long-only,0.1292,0.1319,0.1267,2.0898,-3.9682,-1.9613,0.6011,0.2606,0.0,7.9654,20260915
MinVar shrunk 0.3,0.1254,0.1277,0.1239,1.8275,-2.9246,-1.1505,0.6006,0.1878,-0.0887,9.3331,20260915
Equal weight,0.1457,0.138,0.1347,-5.3233,-2.363,-7.5605,1.1876,0.05,0.0,20.0,20260915
HRP (single),0.1574,0.1479,0.1486,-6.0155,0.4599,-5.5833,1.2606,0.1065,0.0,17.2026,20260916
HRP (ward),0.1574,0.1466,0.1475,-6.8462,0.585,-6.3012,1.222,0.0958,0.0,17.6158,20260916
MinVar,0.1404,0.1451,0.1427,3.3521,-1.6837,1.612,1.0866,0.3804,-0.2936,3.7725,20260916
MinVar long-only,0.1452,0.1437,0.1421,-1.0616,-1.1139,-2.1636,1.0386,0.2941,0.0,6.9674,20260916
MinVar shrunk 0.3,0.1444,0.141,0.1402,-2.3778,-0.5403,-2.9052,1.0016,0.2414,-0.0663,8.2432,20260916
Equal weight,0.1622,0.151,0.1533,-6.9351,1.529,-5.5121,1.38,0.05,0.0,20.0,20260916
HRP (single),0.1307,0.141,0.1409,7.8819,-0.0469,7.8313,1.2234,0.1166,0.0,16.6685,20260917
HRP (ward),0.1338,0.144,0.1432,7.6055,-0.5774,6.9842,1.4264,0.092,0.0,17.819,20260917
MinVar,0.1075,0.1345,0.1318,25.1033,-2.0528,22.5352,0.96,0.304,-0.3926,3.6282,20260917
MinVar long-only,0.1176,0.1341,0.1312,14.0053,-2.1052,11.6053,0.9592,0.2183,0.0,7.9438,20260917
MinVar shrunk 0.3,0.1124,0.1324,0.1307,17.7665,-1.3085,16.2256,0.8437,0.202,-0.1302,7.6574,20260917
Equal weight,0.1383,0.1445,0.1446,4.4742,0.1198,4.5994,1.4185,0.05,0.0,20.0,20260917
HRP (single),0.1243,0.1386,0.1392,11.5166,0.3914,11.953,1.0215,0.1177,0.0,17.4119,20260918
HRP (ward),0.1264,0.1399,0.1412,10.6683,0.9519,11.7217,1.1545,0.0957,0.0,18.2448,20260918
MinVar,0.1084,0.1353,0.1374,24.8193,1.549,26.7527,0.9227,0.2234,-0.2101,5.3285,20260918
MinVar long-only,0.114,0.1369,0.1408,20.1021,2.862,23.5394,0.9623,0.1846,0.0,8.8753,20260918
MinVar shrunk 0.3,0.1111,0.1332,0.1349,19.9073,1.251,21.4073,0.8164,0.1385,-0.0822,10.0892,20260918
Equal weight,0.1269,0.1393,0.1392,9.7561,-0.0618,9.6883,1.1189,0.05,0.0,20.0,20260918
HRP (single),0.145,0.1471,0.1517,1.4287,3.1283,4.6017,1.1438,0.1069,0.0,16.3032,20260919
HRP (ward),0.1426,0.1454,0.151,1.9245,3.8708,5.8698,1.0658,0.1186,0.0,14.914,20260919
MinVar,0.1246,0.1476,0.1509,18.5285,2.1787,21.1109,0.6467,0.4605,-0.4303,2.8242,20260919
MinVar long-only,0.1342,0.1426,0.1459,6.2592,2.314,8.718,0.7349,0.322,0.0,6.6149,20260919
MinVar shrunk 0.3,0.1296,0.1438,0.1481,10.9932,2.9789,14.2996,0.7994,0.2394,-0.0726,7.8359,20260919
Equal weight,0.1549,0.1511,0.1555,-2.4567,2.9385,0.4096,1.3357,0.05,0.0,20.0,20260919
HRP (single),0.1417,0.1397,0.1412,-1.3909,1.0717,-0.3341,1.1682,0.1111,0.0,16.4873,20260920
HRP (ward),0.1447,0.1441,0.1455,-0.4649,1.0195,0.5499,1.3326,0.0882,0.0,17.7287,20260920
MinVar,0.1161,0.1364,0.1424,17.492,4.449,22.7192,1.0038,0.3449,-0.4375,3.0165,20260920
MinVar long-only,0.125,0.1324,0.1361,5.9708,2.7993,8.9373,0.6734,0.2399,0.0,6.8237,20260920
MinVar shrunk 0.3,0.1216,0.1307,0.1348,7.5069,3.1266,10.8682,0.6488,0.2395,-0.0889,6.581,20260920
Equal weight,0.1512,0.1474,0.1488,-2.5481,0.9568,-1.6156,1.4444,0.05,0.0,20.0,20260920
HRP (single),0.146,0.1526,0.1519,4.5217,-0.4284,4.0739,0.96,0.0863,0.0,18.2179,20260921
HRP (ward),0.1428,0.1495,0.148,4.6854,-0.9673,3.6728,0.8599,0.0706,0.0,19.1195,20260921
MinVar,0.1249,0.155,0.1531,24.0803,-1.2081,22.5812,1.0666,0.2183,-0.2945,5.2549,20260921
MinVar long-only,0.1333,0.1514,0.1517,13.5364,0.2388,13.8076,0.8099,0.1686,0.0,11.4939,20260921
MinVar shrunk 0.3,0.1297,0.1475,0.1462,13.7569,-0.9229,12.7071,0.6859,0.1413,-0.0874,11.7823,20260921
Equal weight,0.1446,0.1507,0.1493,4.24,-0.9248,3.2761,0.9105,0.05,0.0,20.0,20260921
HRP (single),0.1464,0.152,0.1539,3.8039,1.2473,5.0987,1.0464,0.0786,0.0,18.2375,20260922
HRP (ward),0.1475,0.1516,0.1539,2.7953,1.4879,4.3248,1.1228,0.1071,0.0,17.3667,20260922
MinVar,0.1246,0.1526,0.1539,22.4614,0.889,23.55,1.3156,0.2036,-0.5549,3.5522,20260922
MinVar long-only,0.1348,0.1462,0.1472,8.405,0.7007,9.1646,0.8218,0.1309,0.0,11.3729,20260922
MinVar shrunk 0.3,0.1305,0.1435,0.1443,9.9721,0.5759,10.6055,0.6221,0.143,-0.1078,9.7921,20260922
Equal weight,0.1491,0.1535,0.1553,2.9286,1.1648,4.1275,1.1413,0.05,0.0,20.0,20260922
HRP (single),0.1483,0.1475,0.146,-0.5162,-1.005,-1.5161,0.8531,0.0942,0.0,18.4289,20260923
HRP (ward),0.1499,0.1479,0.146,-1.306,-1.3184,-2.6073,0.8549,0.0951,0.0,16.9783,20260923
MinVar,0.1303,0.1556,0.1519,19.475,-2.395,16.6136,1.2188,0.2523,-0.2878,5.3963,20260923
MinVar long-only,0.1362,0.1475,0.145,8.2453,-1.6697,6.4379,0.8319,0.1959,0.0,10.2153,20260923
MinVar shrunk 0.3,0.1337,0.1486,0.1452,11.1439,-2.2536,8.6392,0.839,0.1952,-0.0625,10.019,20260923
Equal weight,0.154,0.149,0.1475,-3.2755,-0.994,-4.2369,0.9134,0.05,0.0,20.0,20260923
HRP (single),0.1334,0.1368,0.1371,2.5179,0.2052,2.7282,1.2245,0.1292,0.0,15.7114,20260924
HRP (ward),0.1364,0.1394,0.1412,2.2536,1.2697,3.5519,1.3965,0.106,0.0,17.1249,20260924
MinVar,0.1111,0.1341,0.1336,20.6644,-0.3759,20.2108,1.1473,0.2817,-0.4395,3.4438,20260924
MinVar long-only,0.1241,0.1305,0.1319,5.1696,1.0086,6.2303,1.0694,0.1957,0.0,8.6603,20260924
MinVar shrunk 0.3,0.1167,0.1285,0.1281,10.1078,-0.2553,9.8267,0.9878,0.204,-0.1256,7.5261,20260924
Equal weight,0.1418,0.1448,0.1458,2.1276,0.7226,2.8656,1.5971,0.05,0.0,20.0,20260924
HRP (single),0.1403,0.1495,0.1515,6.5084,1.342,7.9377,0.8311,0.0829,0.0,18.1587,20260925
HRP (ward),0.1423,0.1485,0.1512,4.3844,1.7954,6.2585,0.8145,0.0774,0.0,18.9013,20260925
MinVar,0.1312,0.1559,0.1595,18.778,2.3229,21.5371,1.1157,0.1849,-0.21,7.3025,20260925
MinVar long-only,0.1352,0.1523,0.1568,12.6368,2.9943,16.0095,0.9775,0.1528,0.0,12.083,20260925
MinVar shrunk 0.3,0.1336,0.149,0.1515,11.5146,1.6772,13.3849,0.7831,0.1245,-0.0495,13.4206,20260925
Equal weight,0.1447,0.1486,0.1514,2.7399,1.8749,4.6662,0.8126,0.05,0.0,20.0,20260925
HRP (single),0.1459,0.146,0.1451,0.0914,-0.5909,-0.5001,1.09,0.0926,0.0,17.8688,20260926
HRP (ward),0.1469,0.145,0.1434,-1.3041,-1.1204,-2.4099,0.9413,0.1083,0.0,17.2828,20260926
MinVar,0.1302,0.156,0.1529,19.8092,-1.965,17.455,1.4572,0.2126,-0.2642,5.2578,20260926
MinVar long-only,0.1334,0.1487,0.1466,11.5218,-1.4237,9.934,1.2646,0.1682,0.0,9.009,20260926
MinVar shrunk 0.3,0.134,0.147,0.1465,9.7279,-0.3269,9.3692,1.0587,0.1534,-0.0107,10.9929,20260926
Equal weight,0.1523,0.1478,0.1454,-2.9117,-1.6432,-4.5071,1.1095,0.05,0.0,20.0,20260926
HRP (single),0.1416,0.1461,0.1437,3.1443,-1.6318,1.4611,1.0718,0.1219,0.0,17.0116,20260927
HRP (ward),0.144,0.1465,0.1434,1.6814,-2.0625,-0.4158,1.0563,0.1104,0.0,17.7217,20260927
MinVar,0.1264,0.1471,0.1469,16.3897,-0.1509,16.214,1.0886,0.3097,-0.2532,4.7235,20260927
MinVar long-only,0.1306,0.1444,0.1437,10.6007,-0.5061,10.041,0.9011,0.2471,0.0,8.0204,20260927
MinVar shrunk 0.3,0.1294,0.1422,0.1409,9.87,-0.9001,8.8811,0.8224,0.2477,-0.0522,8.2803,20260927
Equal weight,0.1501,0.1508,0.1481,0.4979,-1.7856,-1.2965,1.1666,0.05,0.0,20.0,20260927
HRP (single),0.155,0.1469,0.1433,-5.2336,-2.5006,-7.6034,1.0323,0.0797,0.0,18.3608,20260928
HRP (ward),0.1565,0.1478,0.1441,-5.5935,-2.4493,-7.9058,1.0818,0.0899,0.0,17.7531,20260928
MinVar,0.1362,0.1524,0.1485,11.8943,-2.5489,9.0423,1.2073,0.4003,-0.5335,2.5509,20260928
MinVar long-only,0.1461,0.1407,0.1346,-3.7136,-4.3031,-7.8569,0.6571,0.261,0.0,7.2209,20260928
MinVar shrunk 0.3,0.1434,0.1423,0.1393,-0.7086,-2.1526,-2.846,0.7464,0.1771,-0.092,9.2567,20260928
Equal weight,0.1597,0.1486,0.1443,-6.9945,-2.8395,-9.6355,1.1298,0.05,0.0,20.0,20260928
HRP (single),0.1281,0.1403,0.1438,9.514,2.5054,12.2579,1.159,0.1037,0.0,17.5054,20260929
HRP (ward),0.1292,0.1392,0.1432,7.7429,2.8076,10.7679,1.0907,0.1098,0.0,16.8152,20260929
MinVar,0.1191,0.1352,0.1355,13.5085,0.2302,13.7698,0.7877,0.2319,-0.1126,7.4739,20260929
MinVar long-only,0.1209,0.134,0.1354,10.9049,0.9748,11.9859,0.7813,0.2084,0.0,9.5672,20260929
MinVar shrunk 0.3,0.1206,0.1346,0.1358,11.6391,0.8519,12.5902,0.8208,0.1746,-0.0241,11.4398,20260929
Equal weight,0.1344,0.1441,0.1511,7.206,4.8608,12.4171,1.266,0.05,0.0,20.0,20260929
HRP (single),0.1585,0.1415,0.1356,-10.6999,-4.1875,-14.4393,1.4852,0.0795,0.0,18.4287,20260930
HRP (ward),0.1558,0.141,0.1345,-9.4771,-4.595,-13.6366,1.5237,0.0857,0.0,17.4467,20260930
MinVar,0.1291,0.1344,0.1339,4.1311,-0.3758,3.7397,1.2368,0.2737,-0.5845,2.9975,20260930
MinVar long-only,0.1449,0.1331,0.1292,-8.1282,-2.9554,-10.8435,1.0504,0.1727,0.0,9.6329,20260930
MinVar shrunk 0.3,0.1362,0.1298,0.1263,-4.6554,-2.6929,-7.223,0.978,0.1401,-0.1688,7.968,20260930
Equal weight,0.1636,0.1443,0.1384,-11.8049,-4.0531,-15.3795,1.6062,0.05,0.0,20.0,20260930
HRP (single),0.1426,0.1412,0.1462,-0.9442,3.4945,2.5174,0.9844,0.0955,0.0,17.275,20260931
HRP (ward),0.144,0.1417,0.147,-1.6025,3.7114,2.0494,1.0357,0.1069,0.0,18.026,20260931
MinVar,0.1229,0.1382,0.1412,12.4174,2.1786,14.8665,0.927,0.3878,-0.4841,3.1664,20260931
MinVar long-only,0.1307,0.1326,0.1364,1.4916,2.8316,4.3654,0.5896,0.2613,0.0,8.0828,20260931
MinVar shrunk 0.3,0.1279,0.1326,0.1373,3.6385,3.5868,7.3558,0.6532,0.2599,-0.0959,7.371,20260931
Equal weight,0.1479,0.1447,0.1495,-2.173,3.3349,1.0895,1.1314,0.05,0.0,20.0,20260931
HRP (single),0.1239,0.1453,0.1423,17.2285,-2.0386,14.8386,1.2354,0.0886,0.0,18.0649,20260932
HRP (ward),0.1246,0.1454,0.1425,16.694,-2.0224,14.334,1.2787,0.084,0.0,18.2456,20260932
MinVar,0.1057,0.132,0.1304,24.9199,-1.2246,23.3901,0.7196,0.2723,-0.2735,4.3294,20260932
MinVar long-only,0.1123,0.1305,0.1284,16.2636,-1.6155,14.3854,0.6533,0.2138,0.0,7.7658,20260932
MinVar shrunk 0.3,0.1099,0.1325,0.1303,20.5788,-1.7017,18.5269,0.663,0.1721,-0.0511,9.172,20260932
Equal weight,0.1302,0.1482,0.1453,13.8898,-1.95,11.6689,1.2998,0.05,0.0,20.0,20260932
HRP (single),0.1376,0.1395,0.1397,1.4125,0.1373,1.5517,1.4894,0.1095,0.0,17.1132,20260933
HRP (ward),0.136,0.1398,0.1404,2.8324,0.4372,3.282,1.4302,0.1066,0.0,17.0699,20260933
MinVar,0.1068,0.1383,0.1403,29.4644,1.5017,31.4085,1.3201,0.253,-0.6677,2.3028,20260933
MinVar long-only,0.131,0.1366,0.1371,4.2294,0.3954,4.6415,1.3343,0.1517,0.0,10.0907,20260933
MinVar shrunk 0.3,0.1161,0.1298,0.1303,11.7907,0.3851,12.2213,0.9884,0.1438,-0.1811,7.1204,20260933
Equal weight,0.1462,0.1458,0.1466,-0.2695,0.5487,0.2778,1.6964,0.05,0.0,20.0,20260933
HRP (single),0.1579,0.1404,0.1432,-11.0703,2.0027,-9.2893,1.2949,0.1045,0.0,16.3246,20260934
HRP (ward),0.1579,0.1404,0.1432,-11.0703,2.0027,-9.2893,1.2949,0.1045,0.0,16.3246,20260934
MinVar,0.1211,0.1355,0.135,11.8476,-0.3232,11.4861,1.1704,0.3724,-0.6017,2.3802,20260934
MinVar long-only,0.1365,0.132,0.1348,-3.2937,2.1581,-1.2067,0.7547,0.2325,0.0,6.9707,20260934
MinVar shrunk 0.3,0.1286,0.1293,0.1318,0.5018,1.9853,2.4971,0.5858,0.2315,-0.192,5.3206,20260934
Equal weight,0.1718,0.1497,0.1511,-12.8336,0.911,-12.0396,1.6446,0.05,0.0,20.0,20260934
HRP (single),0.1539,0.1479,0.1505,-3.9156,1.7813,-2.204,1.0238,0.0958,0.0,17.7291,20260935
HRP (ward),0.1503,0.147,0.1509,-2.2055,2.6556,0.3915,1.0237,0.1252,0.0,16.2974,20260935
MinVar,0.112,0.1475,0.1474,31.6886,-0.0787,31.585,1.0957,0.51,-0.4621,2.408,20260935
MinVar long-only,0.1266,0.1406,0.1448,11.0698,2.9901,14.391,0.6741,0.3488,0.0,5.7057,20260935
MinVar shrunk 0.3,0.1191,0.139,0.1417,16.6806,1.9841,18.9956,0.6252,0.3278,-0.155,5.1697,20260935
Equal weight,0.1627,0.1524,0.1558,-6.3099,2.205,-4.2441,1.1972,0.05,0.0,20.0,20260935
HRP (single),0.1519,0.1498,0.1642,-1.3515,9.584,8.103,1.22,0.084,0.0,18.0025,20260936
HRP (ward),0.1511,0.1492,0.164,-1.2876,9.9246,8.5092,1.1149,0.1067,0.0,16.1014,20260936
MinVar,0.1344,0.146,0.1572,8.6433,7.657,16.962,1.0879,0.3281,-0.3188,3.9295,20260936
MinVar long-only,0.1413,0.1445,0.1578,2.2853,9.1818,11.6769,0.8271,0.2488,0.0,7.6604,20260936
MinVar shrunk 0.3,0.1388,0.1444,0.157,4.0076,8.7512,13.1095,0.8899,0.1586,-0.0597,9.5148,20260936
Equal weight,0.1593,0.1532,0.1677,-3.8065,9.4873,5.3197,1.3172,0.05,0.0,20.0,20260936
HRP (single),0.1323,0.142,0.1393,7.3014,-1.9109,5.2509,1.314,0.0914,0.0,17.7128,20260937
HRP (ward),0.1332,0.1407,0.1383,5.666,-1.731,3.8369,1.2857,0.1084,0.0,17.2701,20260937
MinVar,0.1088,0.1358,0.1329,24.8689,-2.1682,22.1614,1.0198,0.313,-0.4641,2.9642,20260937
MinVar long-only,0.1189,0.1349,0.1323,13.4272,-1.9253,11.2434,0.8668,0.2138,0.0,7.2297,20260937
MinVar shrunk 0.3,0.1143,0.1339,0.1312,17.1275,-2.0011,14.7837,0.8249,0.2074,-0.1147,7.0401,20260937
Equal weight,0.1404,0.1449,0.1427,3.2004,-1.4971,1.6553,1.5026,0.05,0.0,20.0,20260937
HRP (single),0.1447,0.1458,0.1478,0.7618,1.3655,2.1378,1.1143,0.099,0.0,17.3981,20260938
HRP (ward),0.1461,0.1469,0.1485,0.5686,1.0798,1.6545,1.1579,0.099,0.0,17.4733,20260938
MinVar,0.122,0.1505,0.151,23.3995,0.3065,23.7777,1.258,0.3193,-0.4737,2.6678,20260938
MinVar long-only,0.1396,0.1478,0.1527,5.85,3.3054,9.3488,1.0896,0.2167,0.0,8.2317,20260938
MinVar shrunk 0.3,0.1294,0.1426,0.1442,10.1696,1.0977,11.3789,0.9009,0.1564,-0.1245,8.3686,20260938
Equal weight,0.1511,0.1493,0.1524,-1.2226,2.0925,0.8443,1.2336,0.05,0.0,20.0,20260938
HRP (single),0.1398,0.1402,0.1422,0.3065,1.4486,1.7595,1.2217,0.0767,0.0,18.0012,20260939
HRP (ward),0.1408,0.1412,0.1435,0.3171,1.6411,1.9635,1.2729,0.0767,0.0,18.26,20260939
MinVar,0.1161,0.1368,0.1367,17.8151,-0.0626,17.7413,1.1187,0.2683,-0.4287,3.4679,20260939
MinVar long-only,0.1257,0.1351,0.1343,7.4204,-0.584,6.7931,0.8591,0.1878,0.0,8.2155,20260939
MinVar shrunk 0.3,0.1215,0.1326,0.133,9.1804,0.3045,9.5129,0.7112,0.1784,-0.115,8.0006,20260939
Equal weight,0.1462,0.1463,0.1479,0.0618,1.0476,1.1101,1.4112,0.05,0.0,20.0,20260939
HRP (single),0.1462,0.1475,0.1438,0.905,-2.5542,-1.6723,1.3224,0.1234,0.0,16.9794,20260940
HRP (ward),0.1526,0.1534,0.15,0.5424,-2.211,-1.6806,1.491,0.1029,0.0,17.468,20260940
MinVar,0.1204,0.1392,0.1355,15.6638,-2.6598,12.5873,0.9886,0.414,-0.368,3.1459,20260940
MinVar long-only,0.1281,0.1378,0.1335,7.5846,-3.1353,4.2116,0.8003,0.3026,0.0,6.2806,20260940
MinVar shrunk 0.3,0.1254,0.1366,0.1321,8.9491,-3.3054,5.3479,0.8326,0.2949,-0.0783,6.4895,20260940
Equal weight,0.1556,0.1546,0.151,-0.6333,-2.3242,-2.9427,1.5455,0.05,0.0,20.0,20260940
HRP (single),0.147,0.1524,0.1482,3.7282,-2.7615,0.8638,1.0609,0.0843,0.0,18.0257,20260941
HRP (ward),0.1467,0.1527,0.1484,4.0801,-2.8089,1.1566,1.0899,0.0843,0.0,17.8374,20260941
MinVar,0.1273,0.1497,0.1428,17.5996,-4.5665,12.2295,1.105,0.1981,-0.4581,4.1984,20260941
MinVar long-only,0.1376,0.1462,0.1414,6.2886,-3.2874,2.7945,0.8556,0.1359,0.0,11.4892,20260941
MinVar shrunk 0.3,0.1319,0.1455,0.1397,10.3488,-4.0417,5.8889,0.7037,0.1473,-0.0937,10.4003,20260941
Equal weight,0.1508,0.1544,0.1502,2.4171,-2.715,-0.3635,1.1223,0.05,0.0,20.0,20260941
HRP (single),0.1349,0.1425,0.1435,5.6594,0.6435,6.3393,0.7235,0.113,0.0,16.8034,20260942
HRP (ward),0.1364,0.1433,0.1445,5.0878,0.8458,5.9766,0.7786,0.0947,0.0,17.7671,20260942
MinVar,0.1235,0.1461,0.1468,18.3116,0.4965,18.899,0.8943,0.2201,-0.2122,5.3658,20260942
MinVar long-only,0.1267,0.1435,0.1433,13.225,-0.1449,13.061,0.715,0.1815,0.0,8.7136,20260942
MinVar shrunk 0.3,0.1263,0.1423,0.143,12.6842,0.4609,13.2035,0.6404,0.1675,-0.0147,10.9373,20260942
Equal weight,0.1404,0.1455,0.1473,3.6439,1.2529,4.9424,0.8537,0.05,0.0,20.0,20260942
HRP (single),0.1487,0.1518,0.1492,2.102,-1.6971,0.3692,1.3493,0.0807,0.0,18.3714,20260943
HRP (ward),0.1471,0.1479,0.1457,0.5559,-1.4955,-0.9479,1.2499,0.0829,0.0,17.81,20260943
MinVar,0.1236,0.1486,0.1499,20.1876,0.8755,21.2399,1.3182,0.3352,-0.5251,3.0075,20260943
MinVar long-only,0.1344,0.1427,0.1418,6.14,-0.6156,5.4865,0.8361,0.2198,0.0,8.266,20260943
MinVar shrunk 0.3,0.1302,0.1408,0.141,8.1484,0.1971,8.3615,0.778,0.1983,-0.1025,8.1015,20260943
Equal weight,0.1511,0.1538,0.151,1.8061,-1.8099,-0.0365,1.4176,0.05,0.0,20.0,20260943
HRP (single),0.1455,0.1511,0.1541,3.8526,2.0194,5.9498,1.2883,0.0915,0.0,17.6859,20260944
HRP (ward),0.1457,0.1511,0.1543,3.7398,2.0815,5.8992,1.2807,0.0879,0.0,17.8024,20260944
MinVar,0.1254,0.1469,0.1467,17.1414,-0.1049,17.0185,0.9947,0.465,-0.4847,2.7498,20260944
MinVar long-only,0.1378,0.1434,0.1439,4.0198,0.3871,4.4225,0.8868,0.3132,0.0,7.0767,20260944
MinVar shrunk 0.3,0.1319,0.1438,0.1475,9.047,2.5941,11.8758,0.9062,0.1891,-0.1022,9.7309,20260944
Equal weight,0.1482,0.1511,0.1542,1.9924,2.0438,4.0769,1.2841,0.05,0.0,20.0,20260944
HRP (single),0.1299,0.1424,0.1389,9.6154,-2.4209,6.9617,1.1721,0.0968,0.0,17.9308,20260945
HRP (ward),0.13,0.1426,0.139,9.6797,-2.4837,6.9556,1.1832,0.0968,0.0,17.9418,20260945
MinVar,0.1125,0.1368,0.1357,21.5563,-0.7765,20.6124,0.8747,0.301,-0.2945,4.7986,20260945
MinVar long-only,0.1176,0.1376,0.136,16.9511,-1.1202,15.6411,0.7677,0.2325,0.0,9.3067,20260945
MinVar shrunk 0.3,0.116,0.1365,0.1339,17.7498,-1.9102,15.5006,0.7098,0.2029,-0.0472,10.1293,20260945
Equal weight,0.1314,0.1426,0.1392,8.5325,-2.3502,5.9817,1.1396,0.05,0.0,20.0,20260945
HRP (single),0.1403,0.1535,0.1517,9.3826,-1.1642,8.1092,0.6678,0.1247,0.0,15.8007,20260946
HRP (ward),0.1427,0.1557,0.1524,9.1202,-2.1329,6.7927,0.8238,0.0848,0.0,18.0376,20260946
MinVar,0.1266,0.1594,0.1639,25.9471,2.8456,29.5311,1.031,0.2649,-0.2372,5.1209,20260946
MinVar long-only,0.1299,0.1542,0.1557,18.7379,0.9169,19.8267,0.7857,0.2141,0.0,8.6579,20260946
MinVar shrunk 0.3,0.1298,0.1526,0.1535,17.539,0.595,18.2384,0.6611,0.1827,-0.0308,10.6047,20260946
Equal weight,0.1487,0.1575,0.153,5.9167,-2.8719,2.8748,0.8798,0.05,0.0,20.0,20260946
HRP (single),0.136,0.1514,0.1518,11.3397,0.2283,11.594,1.0458,0.0894,0.0,18.1262,20260947
HRP (ward),0.1368,0.1522,0.1525,11.2119,0.191,11.4244,1.1008,0.0708,0.0,18.7383,20260947
MinVar,0.123,0.1529,0.1532,24.2842,0.257,24.6036,1.2402,0.2098,-0.3204,5.2191,20260947
MinVar long-only,0.1297,0.1496,0.149,15.3979,-0.3979,14.9387,0.9537,0.1589,0.0,10.5018,20260947
MinVar shrunk 0.3,0.1268,0.1477,0.1478,16.4316,0.0814,16.5264,0.8895,0.147,-0.0576,11.1932,20260947
Equal weight,0.1418,0.1544,0.1538,8.9064,-0.4043,8.4661,1.1695,0.05,0.0,20.0,20260947
HRP (single),0.1379,0.142,0.1444,2.9759,1.6999,4.7264,0.9823,0.0999,0.0,17.0832,20260948
HRP (ward),0.1368,0.1432,0.1466,4.6899,2.3654,7.1663,0.9867,0.0891,0.0,17.7574,20260948
MinVar,0.1183,0.1425,0.1429,20.3694,0.3092,20.7416,0.9177,0.2138,-0.4,4.5763,20260948
MinVar long-only,0.1259,0.1383,0.1402,9.8781,1.3393,11.3498,0.7677,0.1527,0.0,10.4364,20260948
MinVar shrunk 0.3,0.1227,0.1368,0.1385,11.5324,1.2592,12.9369,0.6134,0.1497,-0.0916,9.5137,20260948
Equal weight,0.1426,0.1459,0.1491,2.3644,2.1605,4.5759,1.1344,0.05,0.0,20.0,20260948
HRP (single),0.1417,0.1581,0.1623,11.5824,2.651,14.5404,1.0662,0.0741,0.0,19.0719,20260949
HRP (ward),0.1368,0.1564,0.1606,14.2827,2.695,17.3627,0.9878,0.0752,0.0,18.1552,20260949
MinVar,0.1188,0.1569,0.1644,32.0677,4.7253,38.3082,0.9557,0.2322,-0.3231,4.0649,20260949
MinVar long-only,0.1259,0.1497,0.1573,18.9064,5.1261,25.0017,0.6103,0.1755,0.0,7.9477,20260949
MinVar shrunk 0.3,0.1243,0.1508,0.1578,21.3465,4.6457,26.9839,0.6643,0.154,-0.0505,10.4419,20260949
Equal weight,0.1414,0.1577,0.1627,11.4838,3.2,15.0513,1.0926,0.05,0.0,20.0,20260949
HRP (single),0.1597,0.1477,0.1428,-7.5111,-3.2985,-10.5618,1.3879,0.1107,0.0,17.5681,20260950
HRP (ward),0.1569,0.1454,0.1404,-7.332,-3.4433,-10.5228,1.3017,0.1107,0.0,16.3627,20260950
MinVar,0.126,0.1338,0.1321,6.1509,-1.2765,4.7958,0.721,0.4527,-0.5619,2.394,20260950
MinVar long-only,0.1399,0.1333,0.1287,-4.7486,-3.4482,-8.0331,0.7018,0.2898,0.0,6.7799,20260950
MinVar shrunk 0.3,0.1333,0.1315,0.1268,-1.3406,-3.5984,-4.8908,0.5732,0.2714,-0.1628,5.8769,20260950
Equal weight,0.1682,0.1526,0.148,-9.2808,-3.0283,-12.0281,1.5562,0.05,0.0,20.0,20260950
HRP (single),0.1338,0.1444,0.1473,7.9281,1.9808,10.066,1.0961,0.129,0.0,15.0057,20260951
HRP (ward),0.1348,0.1466,0.1484,8.7228,1.2481,10.0797,1.19,0.154,0.0,14.3222,20260951
MinVar,0.1121,0.1515,0.1561,35.0826,3.0685,39.2276,1.3297,0.3404,-0.3978,2.8486,20260951
MinVar long-only,0.1215,0.1481,0.1531,21.8786,3.3671,25.9824,1.0453,0.2435,0.0,6.4685,20260951
MinVar shrunk 0.3,0.1182,0.1419,0.1465,20.0254,3.2349,23.908,0.8973,0.233,-0.0734,6.9284,20260951
Equal weight,0.1447,0.1508,0.151,4.2093,0.1746,4.3912,1.3449,0.05,0.0,20.0,20260951
HRP (single),0.14,0.1504,0.16,7.4421,6.3728,14.2892,1.5654,0.1345,0.0,16.4739,20260952
HRP (ward),0.1404,0.1518,0.1605,8.1004,5.7432,14.3088,1.6368,0.0946,0.0,17.4563,20260952
MinVar,0.1033,0.1391,0.1392,34.63,0.0434,34.6884,1.2973,0.3828,-0.5668,2.3796,20260952
MinVar long-only,0.1194,0.1387,0.1453,16.1953,4.7353,21.6975,1.0288,0.2444,0.0,6.9861,20260952
MinVar shrunk 0.3,0.1116,0.1364,0.1415,22.2362,3.709,26.7699,0.94,0.2372,-0.1845,5.9029,20260952
Equal weight,0.1448,0.153,0.1612,5.6357,5.383,11.322,1.7633,0.05,0.0,20.0,20260952
HRP (single),0.1547,0.1451,0.148,-6.1847,2.0008,-4.3076,1.3616,0.0839,0.0,18.0632,20260953
HRP (ward),0.1545,0.1451,0.1484,-6.0802,2.2639,-3.954,1.3885,0.0839,0.0,18.2081,20260953
MinVar,0.1247,0.1349,0.1379,8.1744,2.2264,10.5829,1.2071,0.45,-0.6305,2.1979,20260953
MinVar long-only,0.1364,0.1304,0.1361,-4.4307,4.3522,-0.2714,0.933,0.276,0.0,6.7957,20260953
MinVar shrunk 0.3,0.1327,0.1299,0.1352,-2.0946,4.0372,1.858,0.8797,0.2505,-0.1043,6.9381,20260953
Equal weight,0.1594,0.1489,0.1528,-6.593,2.6467,-4.1209,1.5611,0.05,0.0,20.0,20260953
HRP (single),0.1578,0.1525,0.1463,-3.3612,-4.0964,-7.32,1.4628,0.0827,0.0,18.5424,20260954
HRP (ward),0.157,0.152,0.1457,-3.1826,-4.1535,-7.2039,1.5026,0.0669,0.0,18.9104,20260954
MinVar,0.1323,0.1504,0.1476,13.7191,-1.865,11.5983,1.289,0.2729,-0.5423,3.0192,20260954
MinVar long-only,0.1433,0.1396,0.132,-2.5304,-5.4985,-7.8897,0.9075,0.1769,0.0,8.4804,20260954
MinVar shrunk 0.3,0.1398,0.1412,0.1355,0.9517,-4.0467,-3.1335,1.0594,0.1689,-0.0718,8.7052,20260954
Equal weight,0.1602,0.1521,0.1449,-5.0361,-4.7411,-9.5384,1.5173,0.05,0.0,20.0,20260954
HRP (single),0.1502,0.1416,0.1387,-5.7469,-2.0404,-7.67,1.3037,0.1241,0.0,15.9884,20260955
HRP (ward),0.1519,0.1425,0.1393,-6.1915,-2.2595,-8.3111,1.3328,0.1215,0.0,16.1642,20260955
MinVar,0.1231,0.1377,0.1362,11.7988,-1.078,10.5935,1.2079,0.4148,-0.432,2.9952,20260955
MinVar long-only,0.1346,0.1347,0.133,0.0984,-1.2685,-1.1714,0.9071,0.2897,0.0,6.8102,20260955
MinVar shrunk 0.3,0.1283,0.1341,0.132,4.5304,-1.5476,2.9126,0.8538,0.2868,-0.1391,6.1328,20260955
Equal weight,0.1648,0.1495,0.1466,-9.2967,-1.8953,-11.0158,1.5806,0.05,0.0,20.0,20260955
HRP (single),0.1366,0.1382,0.1358,1.1942,-1.7214,-0.5478,1.0567,0.1032,0.0,17.664,20260956
HRP (ward),0.1378,0.1387,0.1362,0.6329,-1.8268,-1.2055,1.1672,0.0868,0.0,18.2011,20260956
MinVar,0.1129,0.1372,0.1354,21.5635,-1.3128,19.9676,1.0986,0.2504,-0.5311,3.4248,20260956
MinVar long-only,0.1239,0.1335,0.1313,7.7599,-1.6411,5.9915,0.8883,0.1636,0.0,10.0874,20260956
MinVar shrunk 0.3,0.1186,0.1316,0.1297,11.0007,-1.4155,9.4295,0.7862,0.1513,-0.1376,8.3101,20260956
Equal weight,0.1412,0.1413,0.1396,0.1132,-1.2155,-1.1037,1.2101,0.05,0.0,20.0,20260956
HRP (single),0.131,0.1402,0.1361,7.0177,-2.9514,3.8592,1.3898,0.1111,0.0,16.4889,20260957
HRP (ward),0.1365,0.1449,0.1402,6.1821,-3.2323,2.7499,1.5635,0.0965,0.0,17.836,20260957
MinVar,0.1102,0.1328,0.1291,20.4289,-2.7365,17.1333,0.8174,0.2967,-0.4943,2.8976,20260957
MinVar long-only,0.1282,0.1338,0.1289,4.3613,-3.6646,0.5369,1.0564,0.1985,0.0,9.3648,20260957
MinVar shrunk 0.3,0.1163,0.1335,0.1299,14.7867,-2.6892,11.6998,1.0037,0.1476,-0.144,8.7757,20260957
Equal weight,0.1406,0.1455,0.1418,3.4551,-2.493,0.876,1.5531,0.05,0.0,20.0,20260957
