timestamp,price,volume
2026-01-05 14:30:00+00:00,99.9887,384
2026-01-05 14:30:00.100000+00:00,99.9755,136
2026-01-05 14:30:00.200000+00:00,99.9753,445
2026-01-05 14:30:00.300000+00:00,99.9943,171
2026-01-05 14:30:00.400000+00:00,99.9905,64
2026-01-05 14:30:00.500000+00:00,99.9633,31
2026-01-05 14:30:00.600000+00:00,99.9592,176
2026-01-05 14:30:00.700000+00:00,99.9538,677
2026-01-05 14:30:00.800000+00:00,99.958,139
2026-01-05 14:30:00.900000+00:00,99.9596,114
2026-01-05 14:30:01+00:00,99.9599,232
2026-01-05 14:30:01.100000+00:00,99.9613,78
2026-01-05 14:30:01.200000+00:00,99.9506,962
2026-01-05 14:30:01.300000+00:00,99.9495,112
2026-01-05 14:30:01.400000+00:00,99.9611,2044
2026-01-05 14:30:01.500000+00:00,99.9519,362
2026-01-05 14:30:01.600000+00:00,99.9478,102
2026-01-05 14:30:01.700000+00:00,99.9547,2051
2026-01-05 14:30:01.800000+00:00,99.9514,107
2026-01-05 14:30:01.900000+00:00,99.9375,101
2026-01-05 14:30:02+00:00,99.9617,50
2026-01-05 14:30:02.100000+00:00,99.9342,440
2026-01-05 14:30:02.200000+00:00,99.9382,203
2026-01-05 14:30:02.300000+00:00,99.9451,322
2026-01-05 14:30:02.400000+00:00,99.9528,26
2026-01-05 14:30:02.500000+00:00,99.95,209
2026-01-05 14:30:02.600000+00:00,99.9314,708
2026-01-05 14:30:02.700000+00:00,99.9352,110
2026-01-05 14:30:02.800000+00:00,99.9349,272
2026-01-05 14:30:02.900000+00:00,99.937,149
2026-01-05 14:30:03+00:00,99.9386,455
2026-01-05 14:30:03.100000+00:00,99.9277,45
2026-01-05 14:30:03.200000+00:00,99.938,452
2026-01-05 14:30:03.300000+00:00,99.9465,57
2026-01-05 14:30:03.400000+00:00,99.9462,344
2026-01-05 14:30:03.500000+00:00,99.9467,272
2026-01-05 14:30:03.600000+00:00,99.9471,86
2026-01-05 14:30:03.700000+00:00,99.9387,38
2026-01-05 14:30:03.800000+00:00,99.9428,233
2026-01-05 14:30:03.900000+00:00,99.9578,508
2026-01-05 14:30:04+00:00,99.9475,468
2026-01-05 14:30:04.100000+00:00,99.9414,503
2026-01-05 14:30:04.200000+00:00,99.9375,33
2026-01-05 14:30:04.300000+00:00,99.9168,92
2026-01-05 14:30:04.400000+00:00,99.9144,212
2026-01-05 14:30:04.500000+00:00,99.8989,289
2026-01-05 14:30:04.600000+00:00,99.8973,80
2026-01-05 14:30:04.700000+00:00,99.8829,151
2026-01-05 14:30:04.800000+00:00,99.8837,46
2026-01-05 14:30:04.900000+00:00,99.8913,246
2026-01-05 14:30:05+00:00,99.8976,112
2026-01-05 14:30:05.100000+00:00,99.8912,95
2026-01-05 14:30:05.200000+00:00,99.9093,211
2026-01-05 14:30:05.300000+00:00,99.9207,22
2026-01-05 14:30:05.400000+00:00,99.929,138
2026-01-05 14:30:05.500000+00:00,99.9318,705
2026-01-05 14:30:05.600000+00:00,99.9403,43
2026-01-05 14:30:05.700000+00:00,99.933,87
2026-01-05 14:30:05.800000+00:00,99.9438,156
2026-01-05 14:30:05.900000+00:00,99.9387,147
2026-01-05 14:30:06+00:00,99.9367,178
2026-01-05 14:30:06.100000+00:00,99.9394,90
2026-01-05 14:30:06.200000+00:00,99.9321,228
2026-01-05 14:30:06.300000+00:00,99.9292,214
2026-01-05 14:30:06.400000+00:00,99.9289,70
2026-01-05 14:30:06.500000+00:00,99.9335,123
2026-01-05 14:30:06.600000+00:00,99.9279,591
2026-01-05 14:30:06.700000+00:00,99.9319,331
2026-01-05 14:30:06.800000+00:00,99.9235,479
2026-01-05 14:30:06.900000+00:00,99.9245,378
2026-01-05 14:30:07+00:00,99.9172,200
2026-01-05 14:30:07.100000+00:00,99.9138,671
2026-01-05 14:30:07.200000+00:00,99.9104,81
2026-01-05 14:30:07.300000+00:00,99.9126,42
2026-01-05 14:30:07.400000+00:00,99.9105,744
2026-01-05 14:30:07.500000+00:00,99.9326,458
2026-01-05 14:30:07.600000+00:00,99.9401,23
2026-01-05 14:30:07.700000+00:00,99.9353,142
2026-01-05 14:30:07.800000+00:00,99.9402,142
2026-01-05 14:30:07.900000+00:00,99.9718,149
2026-01-05 14:30:08+00:00,99.9955,279
2026-01-05 14:30:08.100000+00:00,99.9929,47
2026-01-05 14:30:08.200000+00:00,99.9968,99
2026-01-05 14:30:08.300000+00:00,100.0065,1009
2026-01-05 14:30:08.400000+00:00,100.0198,99
2026-01-05 14:30:08.500000+00:00,100.0154,336
2026-01-05 14:30:08.600000+00:00,100.0162,117
2026-01-05 14:30:08.700000+00:00,100.0235,252
2026-01-05 14:30:08.800000+00:00,100.0161,833
2026-01-05 14:30:08.900000+00:00,100.0124,99
2026-01-05 14:30:09+00:00,99.9987,190
2026-01-05 14:30:09.100000+00:00,100.005,70
2026-01-05 14:30:09.200000+00:00,100.0146,1303
2026-01-05 14:30:09.300000+00:00,100.0114,407
2026-01-05 14:30:09.400000+00:00,100.0132,1817
2026-01-05 14:30:09.500000+00:00,100.0198,164
2026-01-05 14:30:09.600000+00:00,100.0139,104
2026-01-05 14:30:09.700000+00:00,100.0106,175
2026-01-05 14:30:09.800000+00:00,100.0049,287
2026-01-05 14:30:09.900000+00:00,100.0076,142
2026-01-05 14:30:10+00:00,100.0002,173
2026-01-05 14:30:10.100000+00:00,99.9784,152
2026-01-05 14:30:10.200000+00:00,99.9722,74
2026-01-05 14:30:10.300000+00:00,99.9787,255
2026-01-05 14:30:10.400000+00:00,99.9705,84
2026-01-05 14:30:10.500000+00:00,99.9809,672
2026-01-05 14:30:10.600000+00:00,99.9747,142
2026-01-05 14:30:10.700000+00:00,99.96,75
2026-01-05 14:30:10.800000+00:00,99.9537,66
2026-01-05 14:30:10.900000+00:00,99.9529,93
2026-01-05 14:30:11+00:00,99.9582,99
2026-01-05 14:30:11.100000+00:00,99.9445,783
2026-01-05 14:30:11.200000+00:00,99.9337,369
2026-01-05 14:30:11.300000+00:00,99.9262,569
2026-01-05 14:30:11.400000+00:00,99.9333,59
2026-01-05 14:30:11.500000+00:00,99.931,297
2026-01-05 14:30:11.600000+00:00,99.919,199
2026-01-05 14:30:11.700000+00:00,99.9189,174
2026-01-05 14:30:11.800000+00:00,99.9128,283
2026-01-05 14:30:11.900000+00:00,99.916,74
2026-01-05 14:30:12+00:00,99.912,126
2026-01-05 14:30:12.100000+00:00,99.9053,87
2026-01-05 14:30:12.200000+00:00,99.9218,30
2026-01-05 14:30:12.300000+00:00,99.9195,104
2026-01-05 14:30:12.400000+00:00,99.9117,588
2026-01-05 14:30:12.500000+00:00,99.9259,299
2026-01-05 14:30:12.600000+00:00,99.9142,71
2026-01-05 14:30:12.700000+00:00,99.9066,147
2026-01-05 14:30:12.800000+00:00,99.8946,243
2026-01-05 14:30:12.900000+00:00,99.894,50
2026-01-05 14:30:13+00:00,99.8929,958
2026-01-05 14:30:13.100000+00:00,99.9008,709
2026-01-05 14:30:13.200000+00:00,99.9146,266
2026-01-05 14:30:13.300000+00:00,99.9032,300
2026-01-05 14:30:13.400000+00:00,99.9037,269
2026-01-05 14:30:13.500000+00:00,99.9075,182
2026-01-05 14:30:13.600000+00:00,99.9059,98
2026-01-05 14:30:13.700000+00:00,99.9011,82
2026-01-05 14:30:13.800000+00:00,99.8876,126
2026-01-05 14:30:13.900000+00:00,99.8837,94
2026-01-05 14:30:14+00:00,99.9094,101
2026-01-05 14:30:14.100000+00:00,99.9188,57
2026-01-05 14:30:14.200000+00:00,99.9153,397
2026-01-05 14:30:14.300000+00:00,99.9255,15
2026-01-05 14:30:14.400000+00:00,99.9298,196
2026-01-05 14:30:14.500000+00:00,99.9463,303
2026-01-05 14:30:14.600000+00:00,99.9661,105
2026-01-05 14:30:14.700000+00:00,99.9731,196
2026-01-05 14:30:14.800000+00:00,99.9738,77
2026-01-05 14:30:14.900000+00:00,99.9574,585
2026-01-05 14:30:15+00:00,99.9703,244
2026-01-05 14:30:15.100000+00:00,99.9759,61
2026-01-05 14:30:15.200000+00:00,99.9685,202
2026-01-05 14:30:15.300000+00:00,99.9775,566
2026-01-05 14:30:15.400000+00:00,99.9752,414
2026-01-05 14:30:15.500000+00:00,99.9873,45
2026-01-05 14:30:15.600000+00:00,99.988,97
2026-01-05 14:30:15.700000+00:00,99.9952,103
2026-01-05 14:30:15.800000+00:00,99.9955,494
2026-01-05 14:30:15.900000+00:00,99.9897,169
2026-01-05 14:30:16+00:00,99.9868,265
2026-01-05 14:30:16.100000+00:00,99.99,193
2026-01-05 14:30:16.200000+00:00,100.0004,330
2026-01-05 14:30:16.300000+00:00,100.0058,136
2026-01-05 14:30:16.400000+00:00,99.9911,136
2026-01-05 14:30:16.500000+00:00,100.0083,304
2026-01-05 14:30:16.600000+00:00,100.0155,247
2026-01-05 14:30:16.700000+00:00,100.007,215
2026-01-05 14:30:16.800000+00:00,99.999,46
2026-01-05 14:30:16.900000+00:00,100.0074,113
2026-01-05 14:30:17+00:00,99.9972,139
2026-01-05 14:30:17.100000+00:00,100.0095,185
2026-01-05 14:30:17.200000+00:00,99.9997,268
2026-01-05 14:30:17.300000+00:00,100.0057,142
2026-01-05 14:30:17.400000+00:00,100.0057,258
2026-01-05 14:30:17.500000+00:00,100.0024,504
2026-01-05 14:30:17.600000+00:00,100.0064,483
2026-01-05 14:30:17.700000+00:00,99.9947,109
2026-01-05 14:30:17.800000+00:00,99.9716,111
2026-01-05 14:30:17.900000+00:00,99.9663,111
2026-01-05 14:30:18+00:00,99.9795,95
2026-01-05 14:30:18.100000+00:00,99.9807,206
2026-01-05 14:30:18.200000+00:00,99.9844,65
2026-01-05 14:30:18.300000+00:00,99.9701,831
2026-01-05 14:30:18.400000+00:00,99.9756,67
2026-01-05 14:30:18.500000+00:00,99.9812,89
2026-01-05 14:30:18.600000+00:00,99.9702,49
2026-01-05 14:30:18.700000+00:00,99.9538,195
2026-01-05 14:30:18.800000+00:00,99.9714,182
2026-01-05 14:30:18.900000+00:00,99.9624,181
2026-01-05 14:30:19+00:00,99.9643,134
2026-01-05 14:30:19.100000+00:00,99.9774,399
2026-01-05 14:30:19.200000+00:00,99.9721,107
2026-01-05 14:30:19.300000+00:00,99.9649,178
2026-01-05 14:30:19.400000+00:00,99.9696,118
2026-01-05 14:30:19.500000+00:00,99.9703,809
2026-01-05 14:30:19.600000+00:00,99.9678,50
2026-01-05 14:30:19.700000+00:00,99.9662,257
2026-01-05 14:30:19.800000+00:00,99.976,43
2026-01-05 14:30:19.900000+00:00,99.9707,1051
2026-01-05 14:30:20+00:00,99.9683,243
2026-01-05 14:30:20.100000+00:00,99.9737,353
2026-01-05 14:30:20.200000+00:00,99.9703,503
2026-01-05 14:30:20.300000+00:00,99.9886,155
2026-01-05 14:30:20.400000+00:00,99.9776,232
2026-01-05 14:30:20.500000+00:00,99.987,457
2026-01-05 14:30:20.600000+00:00,99.9926,698
2026-01-05 14:30:20.700000+00:00,100.0129,217
2026-01-05 14:30:20.800000+00:00,99.9956,76
2026-01-05 14:30:20.900000+00:00,99.9981,267
2026-01-05 14:30:21+00:00,100.0085,549
2026-01-05 14:30:21.100000+00:00,100.0038,58
2026-01-05 14:30:21.200000+00:00,100.0049,211
2026-01-05 14:30:21.300000+00:00,100.0055,222
2026-01-05 14:30:21.400000+00:00,100.0163,229
2026-01-05 14:30:21.500000+00:00,99.9963,51
2026-01-05 14:30:21.600000+00:00,99.9957,10
2026-01-05 14:30:21.700000+00:00,100.008,189
2026-01-05 14:30:21.800000+00:00,100.0076,480
2026-01-05 14:30:21.900000+00:00,99.9844,141
2026-01-05 14:30:22+00:00,99.9796,220
2026-01-05 14:30:22.100000+00:00,99.9929,233
2026-01-05 14:30:22.200000+00:00,99.9996,229
2026-01-05 14:30:22.300000+00:00,100.0125,41
2026-01-05 14:30:22.400000+00:00,100.0033,181
2026-01-05 14:30:22.500000+00:00,100.0115,124
2026-01-05 14:30:22.600000+00:00,100.0095,27
2026-01-05 14:30:22.700000+00:00,100.014,83
2026-01-05 14:30:22.800000+00:00,100.0118,391
2026-01-05 14:30:22.900000+00:00,100.0064,137
2026-01-05 14:30:23+00:00,99.9935,58
2026-01-05 14:30:23.100000+00:00,99.9842,62
2026-01-05 14:30:23.200000+00:00,99.9723,1067
2026-01-05 14:30:23.300000+00:00,99.9727,89
2026-01-05 14:30:23.400000+00:00,99.9763,248
2026-01-05 14:30:23.500000+00:00,99.9757,366
2026-01-05 14:30:23.600000+00:00,99.9711,150
2026-01-05 14:30:23.700000+00:00,99.9671,100
2026-01-05 14:30:23.800000+00:00,99.9686,440
2026-01-05 14:30:23.900000+00:00,99.9725,26
2026-01-05 14:30:24+00:00,99.9719,148
2026-01-05 14:30:24.100000+00:00,99.9787,88
2026-01-05 14:30:24.200000+00:00,99.9896,99
2026-01-05 14:30:24.300000+00:00,99.99,103
2026-01-05 14:30:24.400000+00:00,99.9841,418
2026-01-05 14:30:24.500000+00:00,99.9785,288
2026-01-05 14:30:24.600000+00:00,99.9891,275
2026-01-05 14:30:24.700000+00:00,99.9851,208
2026-01-05 14:30:24.800000+00:00,99.981,43
2026-01-05 14:30:24.900000+00:00,99.9835,415
2026-01-05 14:30:25+00:00,99.9853,196
2026-01-05 14:30:25.100000+00:00,99.97,816
2026-01-05 14:30:25.200000+00:00,99.9528,29
2026-01-05 14:30:25.300000+00:00,99.939,70
2026-01-05 14:30:25.400000+00:00,99.934,319
2026-01-05 14:30:25.500000+00:00,99.9193,169
2026-01-05 14:30:25.600000+00:00,99.9151,804
2026-01-05 14:30:25.700000+00:00,99.9213,47
2026-01-05 14:30:25.800000+00:00,99.9061,173
2026-01-05 14:30:25.900000+00:00,99.8973,99
2026-01-05 14:30:26+00:00,99.9014,70
2026-01-05 14:30:26.100000+00:00,99.9169,403
2026-01-05 14:30:26.200000+00:00,99.9348,97
2026-01-05 14:30:26.300000+00:00,99.9377,79
2026-01-05 14:30:26.400000+00:00,99.9423,233
2026-01-05 14:30:26.500000+00:00,99.9325,181
2026-01-05 14:30:26.600000+00:00,99.9235,167
2026-01-05 14:30:26.700000+00:00,99.9292,353
2026-01-05 14:30:26.800000+00:00,99.9367,98
2026-01-05 14:30:26.900000+00:00,99.9261,417
2026-01-05 14:30:27+00:00,99.933,109
2026-01-05 14:30:27.100000+00:00,99.9334,588
2026-01-05 14:30:27.200000+00:00,99.9156,229
2026-01-05 14:30:27.300000+00:00,99.9146,189
2026-01-05 14:30:27.400000+00:00,99.9171,322
2026-01-05 14:30:27.500000+00:00,99.9246,20
2026-01-05 14:30:27.600000+00:00,99.9345,444
2026-01-05 14:30:27.700000+00:00,99.933,60
2026-01-05 14:30:27.800000+00:00,99.9347,109
2026-01-05 14:30:27.900000+00:00,99.9536,173
2026-01-05 14:30:28+00:00,99.9715,93
2026-01-05 14:30:28.100000+00:00,99.9712,39
2026-01-05 14:30:28.200000+00:00,99.9798,409
2026-01-05 14:30:28.300000+00:00,99.9756,330
2026-01-05 14:30:28.400000+00:00,99.9863,603
2026-01-05 14:30:28.500000+00:00,100.006,153
2026-01-05 14:30:28.600000+00:00,100.0016,350
2026-01-05 14:30:28.700000+00:00,99.9993,794
2026-01-05 14:30:28.800000+00:00,100.0247,57
2026-01-05 14:30:28.900000+00:00,100.0155,89
2026-01-05 14:30:29+00:00,100.0205,209
2026-01-05 14:30:29.100000+00:00,100.0373,190
2026-01-05 14:30:29.200000+00:00,100.0475,124
2026-01-05 14:30:29.300000+00:00,100.0591,119
2026-01-05 14:30:29.400000+00:00,100.0539,1128
2026-01-05 14:30:29.500000+00:00,100.0535,48
2026-01-05 14:30:29.600000+00:00,100.0376,700
2026-01-05 14:30:29.700000+00:00,100.0326,74
2026-01-05 14:30:29.800000+00:00,100.0324,463
2026-01-05 14:30:29.900000+00:00,100.0348,47
2026-01-05 14:30:30+00:00,100.0441,91
2026-01-05 14:30:30.100000+00:00,100.0447,252
2026-01-05 14:30:30.200000+00:00,100.0606,1389
2026-01-05 14:30:30.300000+00:00,100.0686,64
2026-01-05 14:30:30.400000+00:00,100.0638,152
2026-01-05 14:30:30.500000+00:00,100.0826,685
2026-01-05 14:30:30.600000+00:00,100.0833,160
2026-01-05 14:30:30.700000+00:00,100.0766,343
2026-01-05 14:30:30.800000+00:00,100.0804,40
2026-01-05 14:30:30.900000+00:00,100.0879,80
2026-01-05 14:30:31+00:00,100.0844,175
2026-01-05 14:30:31.100000+00:00,100.0858,543
2026-01-05 14:30:31.200000+00:00,100.1145,299
2026-01-05 14:30:31.300000+00:00,100.1149,178
2026-01-05 14:30:31.400000+00:00,100.1229,73
2026-01-05 14:30:31.500000+00:00,100.121,266
2026-01-05 14:30:31.600000+00:00,100.1357,950
2026-01-05 14:30:31.700000+00:00,100.1236,474
2026-01-05 14:30:31.800000+00:00,100.1053,67
2026-01-05 14:30:31.900000+00:00,100.0957,934
2026-01-05 14:30:32+00:00,100.0979,272
2026-01-05 14:30:32.100000+00:00,100.0933,62
2026-01-05 14:30:32.200000+00:00,100.0841,109
2026-01-05 14:30:32.300000+00:00,100.0696,538
2026-01-05 14:30:32.400000+00:00,100.0574,689
2026-01-05 14:30:32.500000+00:00,100.0761,140
2026-01-05 14:30:32.600000+00:00,100.0767,50
2026-01-05 14:30:32.700000+00:00,100.1,59
2026-01-05 14:30:32.800000+00:00,100.082,315
2026-01-05 14:30:32.900000+00:00,100.0874,266
2026-01-05 14:30:33+00:00,100.098,156
2026-01-05 14:30:33.100000+00:00,100.0983,385
2026-01-05 14:30:33.200000+00:00,100.1065,479
2026-01-05 14:30:33.300000+00:00,100.1008,86
2026-01-05 14:30:33.400000+00:00,100.1022,476
2026-01-05 14:30:33.500000+00:00,100.1043,86
2026-01-05 14:30:33.600000+00:00,100.1054,430
2026-01-05 14:30:33.700000+00:00,100.1018,83
2026-01-05 14:30:33.800000+00:00,100.1152,107
2026-01-05 14:30:33.900000+00:00,100.1181,219
2026-01-05 14:30:34+00:00,100.122,63
2026-01-05 14:30:34.100000+00:00,100.1296,79
2026-01-05 14:30:34.200000+00:00,100.1466,335
2026-01-05 14:30:34.300000+00:00,100.1571,473
2026-01-05 14:30:34.400000+00:00,100.1565,313
2026-01-05 14:30:34.500000+00:00,100.1592,85
2026-01-05 14:30:34.600000+00:00,100.1517,73
2026-01-05 14:30:34.700000+00:00,100.1471,441
2026-01-05 14:30:34.800000+00:00,100.1411,279
2026-01-05 14:30:34.900000+00:00,100.1337,210
2026-01-05 14:30:35+00:00,100.1046,93
2026-01-05 14:30:35.100000+00:00,100.1004,54
2026-01-05 14:30:35.200000+00:00,100.1087,181
2026-01-05 14:30:35.300000+00:00,100.0997,161
2026-01-05 14:30:35.400000+00:00,100.0845,266
2026-01-05 14:30:35.500000+00:00,100.0959,158
2026-01-05 14:30:35.600000+00:00,100.0862,213
2026-01-05 14:30:35.700000+00:00,100.0692,48
2026-01-05 14:30:35.800000+00:00,100.0781,117
2026-01-05 14:30:35.900000+00:00,100.0806,107
2026-01-05 14:30:36+00:00,100.0872,84
2026-01-05 14:30:36.100000+00:00,100.0836,362
2026-01-05 14:30:36.200000+00:00,100.0806,60
2026-01-05 14:30:36.300000+00:00,100.0935,335
2026-01-05 14:30:36.400000+00:00,100.1118,151
2026-01-05 14:30:36.500000+00:00,100.1011,133
2026-01-05 14:30:36.600000+00:00,100.1148,129
2026-01-05 14:30:36.700000+00:00,100.1215,121
2026-01-05 14:30:36.800000+00:00,100.1134,197
2026-01-05 14:30:36.900000+00:00,100.1203,401
2026-01-05 14:30:37+00:00,100.1255,443
2026-01-05 14:30:37.100000+00:00,100.141,553
2026-01-05 14:30:37.200000+00:00,100.1603,360
2026-01-05 14:30:37.300000+00:00,100.1479,690
2026-01-05 14:30:37.400000+00:00,100.1443,414
2026-01-05 14:30:37.500000+00:00,100.1317,455
2026-01-05 14:30:37.600000+00:00,100.1311,61
2026-01-05 14:30:37.700000+00:00,100.1322,274
2026-01-05 14:30:37.800000+00:00,100.1278,192
2026-01-05 14:30:37.900000+00:00,100.1155,179
2026-01-05 14:30:38+00:00,100.1028,144
2026-01-05 14:30:38.100000+00:00,100.088,186
2026-01-05 14:30:38.200000+00:00,100.0878,49
2026-01-05 14:30:38.300000+00:00,100.0972,155
2026-01-05 14:30:38.400000+00:00,100.109,1230
2026-01-05 14:30:38.500000+00:00,100.1161,77
2026-01-05 14:30:38.600000+00:00,100.1212,278
2026-01-05 14:30:38.700000+00:00,100.12,56
2026-01-05 14:30:38.800000+00:00,100.1154,130
2026-01-05 14:30:38.900000+00:00,100.1089,44
2026-01-05 14:30:39+00:00,100.1197,1124
2026-01-05 14:30:39.100000+00:00,100.1233,102
2026-01-05 14:30:39.200000+00:00,100.1361,91
2026-01-05 14:30:39.300000+00:00,100.1452,133
2026-01-05 14:30:39.400000+00:00,100.1269,202
2026-01-05 14:30:39.500000+00:00,100.1292,24
2026-01-05 14:30:39.600000+00:00,100.1142,29
2026-01-05 14:30:39.700000+00:00,100.1079,153
2026-01-05 14:30:39.800000+00:00,100.0976,88
2026-01-05 14:30:39.900000+00:00,100.0963,73
2026-01-05 14:30:40+00:00,100.088,139
2026-01-05 14:30:40.100000+00:00,100.072,1070
2026-01-05 14:30:40.200000+00:00,100.0517,204
2026-01-05 14:30:40.300000+00:00,100.0364,290
2026-01-05 14:30:40.400000+00:00,100.0304,53
2026-01-05 14:30:40.500000+00:00,100.0284,97
2026-01-05 14:30:40.600000+00:00,100.0504,143
2026-01-05 14:30:40.700000+00:00,100.0647,160
2026-01-05 14:30:40.800000+00:00,100.0595,208
2026-01-05 14:30:40.900000+00:00,100.0447,64
2026-01-05 14:30:41+00:00,100.0523,141
2026-01-05 14:30:41.100000+00:00,100.0539,12
2026-01-05 14:30:41.200000+00:00,100.0463,137
2026-01-05 14:30:41.300000+00:00,100.0426,176
2026-01-05 14:30:41.400000+00:00,100.0248,39
2026-01-05 14:30:41.500000+00:00,100.03,20
2026-01-05 14:30:41.600000+00:00,100.0246,148
2026-01-05 14:30:41.700000+00:00,100.0238,622
2026-01-05 14:30:41.800000+00:00,100.014,126
2026-01-05 14:30:41.900000+00:00,100.028,236
2026-01-05 14:30:42+00:00,100.0416,261
2026-01-05 14:30:42.100000+00:00,100.0319,188
2026-01-05 14:30:42.200000+00:00,100.0253,61
2026-01-05 14:30:42.300000+00:00,100.0387,95
2026-01-05 14:30:42.400000+00:00,100.0398,286
2026-01-05 14:30:42.500000+00:00,100.0433,74
2026-01-05 14:30:42.600000+00:00,100.0543,155
2026-01-05 14:30:42.700000+00:00,100.0507,45
2026-01-05 14:30:42.800000+00:00,100.0301,165
2026-01-05 14:30:42.900000+00:00,100.0481,261
2026-01-05 14:30:43+00:00,100.0477,235
2026-01-05 14:30:43.100000+00:00,100.0637,55
2026-01-05 14:30:43.200000+00:00,100.0558,88
2026-01-05 14:30:43.300000+00:00,100.0684,79
2026-01-05 14:30:43.400000+00:00,100.0703,1066
2026-01-05 14:30:43.500000+00:00,100.0916,70
2026-01-05 14:30:43.600000+00:00,100.0734,26
2026-01-05 14:30:43.700000+00:00,100.0672,340
2026-01-05 14:30:43.800000+00:00,100.0615,29
2026-01-05 14:30:43.900000+00:00,100.0735,184
2026-01-05 14:30:44+00:00,100.0568,60
2026-01-05 14:30:44.100000+00:00,100.0658,168
2026-01-05 14:30:44.200000+00:00,100.0588,225
2026-01-05 14:30:44.300000+00:00,100.0579,230
2026-01-05 14:30:44.400000+00:00,100.0716,293
2026-01-05 14:30:44.500000+00:00,100.0654,325
2026-01-05 14:30:44.600000+00:00,100.0665,27
2026-01-05 14:30:44.700000+00:00,100.079,330
2026-01-05 14:30:44.800000+00:00,100.0796,120
2026-01-05 14:30:44.900000+00:00,100.0751,312
2026-01-05 14:30:45+00:00,100.0654,194
2026-01-05 14:30:45.100000+00:00,100.0611,76
2026-01-05 14:30:45.200000+00:00,100.0511,297
2026-01-05 14:30:45.300000+00:00,100.0476,527
2026-01-05 14:30:45.400000+00:00,100.0652,112
2026-01-05 14:30:45.500000+00:00,100.0756,189
2026-01-05 14:30:45.600000+00:00,100.0676,140
2026-01-05 14:30:45.700000+00:00,100.0549,336
2026-01-05 14:30:45.800000+00:00,100.0649,55
2026-01-05 14:30:45.900000+00:00,100.0603,253
2026-01-05 14:30:46+00:00,100.0535,27
2026-01-05 14:30:46.100000+00:00,100.0549,196
2026-01-05 14:30:46.200000+00:00,100.0492,109
2026-01-05 14:30:46.300000+00:00,100.057,122
2026-01-05 14:30:46.400000+00:00,100.0469,48
2026-01-05 14:30:46.500000+00:00,100.0555,213
2026-01-05 14:30:46.600000+00:00,100.0466,132
2026-01-05 14:30:46.700000+00:00,100.046,558
2026-01-05 14:30:46.800000+00:00,100.0374,252
2026-01-05 14:30:46.900000+00:00,100.044,76
2026-01-05 14:30:47+00:00,100.0403,81
2026-01-05 14:30:47.100000+00:00,100.0426,216
2026-01-05 14:30:47.200000+00:00,100.0438,574
2026-01-05 14:30:47.300000+00:00,100.0337,81
2026-01-05 14:30:47.400000+00:00,100.0323,118
2026-01-05 14:30:47.500000+00:00,100.0356,247
2026-01-05 14:30:47.600000+00:00,100.0432,60
2026-01-05 14:30:47.700000+00:00,100.0272,251
2026-01-05 14:30:47.800000+00:00,100.0215,297
2026-01-05 14:30:47.900000+00:00,100.028,194
2026-01-05 14:30:48+00:00,100.0369,2418
2026-01-05 14:30:48.100000+00:00,100.0464,355
2026-01-05 14:30:48.200000+00:00,100.0514,88
2026-01-05 14:30:48.300000+00:00,100.0576,717
2026-01-05 14:30:48.400000+00:00,100.0544,131
2026-01-05 14:30:48.500000+00:00,100.05,108
2026-01-05 14:30:48.600000+00:00,100.0488,173
2026-01-05 14:30:48.700000+00:00,100.0516,171
2026-01-05 14:30:48.800000+00:00,100.0588,242
2026-01-05 14:30:48.900000+00:00,100.0658,316
2026-01-05 14:30:49+00:00,100.0585,287
2026-01-05 14:30:49.100000+00:00,100.0537,147
2026-01-05 14:30:49.200000+00:00,100.058,201
2026-01-05 14:30:49.300000+00:00,100.0636,192
2026-01-05 14:30:49.400000+00:00,100.0652,245
2026-01-05 14:30:49.500000+00:00,100.0602,170
2026-01-05 14:30:49.600000+00:00,100.0562,196
2026-01-05 14:30:49.700000+00:00,100.0616,119
2026-01-05 14:30:49.800000+00:00,100.0605,105
2026-01-05 14:30:49.900000+00:00,100.0731,228
2026-01-05 14:30:50+00:00,100.0689,307
2026-01-05 14:30:50.100000+00:00,100.08,245
2026-01-05 14:30:50.200000+00:00,100.0781,112
2026-01-05 14:30:50.300000+00:00,100.0833,607
2026-01-05 14:30:50.400000+00:00,100.0955,385
2026-01-05 14:30:50.500000+00:00,100.0849,213
2026-01-05 14:30:50.600000+00:00,100.0867,539
2026-01-05 14:30:50.700000+00:00,100.0721,60
2026-01-05 14:30:50.800000+00:00,100.0696,59
2026-01-05 14:30:50.900000+00:00,100.0811,175
2026-01-05 14:30:51+00:00,100.0959,133
2026-01-05 14:30:51.100000+00:00,100.0907,772
2026-01-05 14:30:51.200000+00:00,100.0805,232
2026-01-05 14:30:51.300000+00:00,100.0623,258
2026-01-05 14:30:51.400000+00:00,100.0834,42
2026-01-05 14:30:51.500000+00:00,100.065,388
2026-01-05 14:30:51.600000+00:00,100.0665,41
2026-01-05 14:30:51.700000+00:00,100.0646,78
2026-01-05 14:30:51.800000+00:00,100.0578,253
2026-01-05 14:30:51.900000+00:00,100.0576,296
2026-01-05 14:30:52+00:00,100.0707,93
2026-01-05 14:30:52.100000+00:00,100.0641,988
2026-01-05 14:30:52.200000+00:00,100.0592,101
2026-01-05 14:30:52.300000+00:00,100.0528,38
2026-01-05 14:30:52.400000+00:00,100.0643,180
2026-01-05 14:30:52.500000+00:00,100.0547,105
2026-01-05 14:30:52.600000+00:00,100.0395,390
2026-01-05 14:30:52.700000+00:00,100.0268,120
2026-01-05 14:30:52.800000+00:00,100.0499,359
2026-01-05 14:30:52.900000+00:00,100.0483,223
2026-01-05 14:30:53+00:00,100.051,257
2026-01-05 14:30:53.100000+00:00,100.0483,249
2026-01-05 14:30:53.200000+00:00,100.0472,251
2026-01-05 14:30:53.300000+00:00,100.0455,403
2026-01-05 14:30:53.400000+00:00,100.0561,150
2026-01-05 14:30:53.500000+00:00,100.0481,124
2026-01-05 14:30:53.600000+00:00,100.0462,39
2026-01-05 14:30:53.700000+00:00,100.0442,186
2026-01-05 14:30:53.800000+00:00,100.036,187
2026-01-05 14:30:53.900000+00:00,100.0564,368
2026-01-05 14:30:54+00:00,100.0556,841
2026-01-05 14:30:54.100000+00:00,100.0632,68
2026-01-05 14:30:54.200000+00:00,100.0559,293
2026-01-05 14:30:54.300000+00:00,100.0586,107
2026-01-05 14:30:54.400000+00:00,100.0637,41
2026-01-05 14:30:54.500000+00:00,100.0801,136
2026-01-05 14:30:54.600000+00:00,100.0674,95
2026-01-05 14:30:54.700000+00:00,100.0618,133
2026-01-05 14:30:54.800000+00:00,100.0539,121
2026-01-05 14:30:54.900000+00:00,100.0491,223
2026-01-05 14:30:55+00:00,100.0411,102
2026-01-05 14:30:55.100000+00:00,100.032,144
2026-01-05 14:30:55.200000+00:00,100.0412,97
2026-01-05 14:30:55.300000+00:00,100.0396,520
2026-01-05 14:30:55.400000+00:00,100.042,141
2026-01-05 14:30:55.500000+00:00,100.0305,136
2026-01-05 14:30:55.600000+00:00,100.0296,137
2026-01-05 14:30:55.700000+00:00,100.0231,364
2026-01-05 14:30:55.800000+00:00,100.0338,63
2026-01-05 14:30:55.900000+00:00,100.02,201
2026-01-05 14:30:56+00:00,100.0172,378
2026-01-05 14:30:56.100000+00:00,100.0104,116
2026-01-05 14:30:56.200000+00:00,100.0012,348
2026-01-05 14:30:56.300000+00:00,100.0113,94
2026-01-05 14:30:56.400000+00:00,99.9972,43
2026-01-05 14:30:56.500000+00:00,99.9853,211
2026-01-05 14:30:56.600000+00:00,99.9936,168
2026-01-05 14:30:56.700000+00:00,99.9937,213
2026-01-05 14:30:56.800000+00:00,100.0111,67
2026-01-05 14:30:56.900000+00:00,100.012,208
2026-01-05 14:30:57+00:00,100.0061,228
2026-01-05 14:30:57.100000+00:00,100.0176,52
2026-01-05 14:30:57.200000+00:00,100.0379,66
2026-01-05 14:30:57.300000+00:00,100.0378,212
2026-01-05 14:30:57.400000+00:00,100.0388,118
2026-01-05 14:30:57.500000+00:00,100.0598,17
2026-01-05 14:30:57.600000+00:00,100.071,168
2026-01-05 14:30:57.700000+00:00,100.0701,126
2026-01-05 14:30:57.800000+00:00,100.078,82
2026-01-05 14:30:57.900000+00:00,100.0737,439
2026-01-05 14:30:58+00:00,100.078,540
2026-01-05 14:30:58.100000+00:00,100.0912,48
2026-01-05 14:30:58.200000+00:00,100.1061,499
2026-01-05 14:30:58.300000+00:00,100.1181,236
2026-01-05 14:30:58.400000+00:00,100.1087,45
2026-01-05 14:30:58.500000+00:00,100.0914,179
2026-01-05 14:30:58.600000+00:00,100.0943,193
2026-01-05 14:30:58.700000+00:00,100.0973,41
2026-01-05 14:30:58.800000+00:00,100.1153,325
2026-01-05 14:30:58.900000+00:00,100.1096,158
2026-01-05 14:30:59+00:00,100.1045,47
2026-01-05 14:30:59.100000+00:00,100.0946,113
2026-01-05 14:30:59.200000+00:00,100.0865,263
2026-01-05 14:30:59.300000+00:00,100.0832,76
2026-01-05 14:30:59.400000+00:00,100.0791,211
2026-01-05 14:30:59.500000+00:00,100.0808,46
2026-01-05 14:30:59.600000+00:00,100.0864,336
2026-01-05 14:30:59.700000+00:00,100.0902,42
2026-01-05 14:30:59.800000+00:00,100.0847,64
2026-01-05 14:30:59.900000+00:00,100.1041,220
2026-01-05 14:31:00+00:00,100.118,89
2026-01-05 14:31:00.100000+00:00,100.1049,136
2026-01-05 14:31:00.200000+00:00,100.1069,329
2026-01-05 14:31:00.300000+00:00,100.113,115
2026-01-05 14:31:00.400000+00:00,100.1144,96
2026-01-05 14:31:00.500000+00:00,100.1106,461
2026-01-05 14:31:00.600000+00:00,100.111,237
2026-01-05 14:31:00.700000+00:00,100.0963,1069
2026-01-05 14:31:00.800000+00:00,100.1037,240
2026-01-05 14:31:00.900000+00:00,100.102,110
2026-01-05 14:31:01+00:00,100.0912,176
2026-01-05 14:31:01.100000+00:00,100.09,54
2026-01-05 14:31:01.200000+00:00,100.0757,130
2026-01-05 14:31:01.300000+00:00,100.0497,100
2026-01-05 14:31:01.400000+00:00,100.058,746
2026-01-05 14:31:01.500000+00:00,100.0642,89
2026-01-05 14:31:01.600000+00:00,100.0691,360
2026-01-05 14:31:01.700000+00:00,100.0691,488
2026-01-05 14:31:01.800000+00:00,100.0778,70
2026-01-05 14:31:01.900000+00:00,100.0785,186
2026-01-05 14:31:02+00:00,100.0806,22
2026-01-05 14:31:02.100000+00:00,100.0723,43
2026-01-05 14:31:02.200000+00:00,100.0791,50
2026-01-05 14:31:02.300000+00:00,100.0874,98
2026-01-05 14:31:02.400000+00:00,100.0967,209
2026-01-05 14:31:02.500000+00:00,100.0936,104
2026-01-05 14:31:02.600000+00:00,100.0948,124
2026-01-05 14:31:02.700000+00:00,100.0851,65
2026-01-05 14:31:02.800000+00:00,100.0963,565
2026-01-05 14:31:02.900000+00:00,100.1066,55
2026-01-05 14:31:03+00:00,100.1121,40
2026-01-05 14:31:03.100000+00:00,100.1156,1170
2026-01-05 14:31:03.200000+00:00,100.1135,98
2026-01-05 14:31:03.300000+00:00,100.1072,46
2026-01-05 14:31:03.400000+00:00,100.1026,725
2026-01-05 14:31:03.500000+00:00,100.0939,396
2026-01-05 14:31:03.600000+00:00,100.1057,53
2026-01-05 14:31:03.700000+00:00,100.0936,117
2026-01-05 14:31:03.800000+00:00,100.0862,221
2026-01-05 14:31:03.900000+00:00,100.0952,139
2026-01-05 14:31:04+00:00,100.0902,196
2026-01-05 14:31:04.100000+00:00,100.0931,93
2026-01-05 14:31:04.200000+00:00,100.0834,165
2026-01-05 14:31:04.300000+00:00,100.0782,555
2026-01-05 14:31:04.400000+00:00,100.0919,121
2026-01-05 14:31:04.500000+00:00,100.0844,914
2026-01-05 14:31:04.600000+00:00,100.0946,253
2026-01-05 14:31:04.700000+00:00,100.1051,373
2026-01-05 14:31:04.800000+00:00,100.1057,485
2026-01-05 14:31:04.900000+00:00,100.0929,155
2026-01-05 14:31:05+00:00,100.0957,146
2026-01-05 14:31:05.100000+00:00,100.0844,100
2026-01-05 14:31:05.200000+00:00,100.098,120
2026-01-05 14:31:05.300000+00:00,100.0949,251
2026-01-05 14:31:05.400000+00:00,100.0925,52
2026-01-05 14:31:05.500000+00:00,100.0981,108
2026-01-05 14:31:05.600000+00:00,100.1156,152
2026-01-05 14:31:05.700000+00:00,100.1193,276
2026-01-05 14:31:05.800000+00:00,100.1059,2025
2026-01-05 14:31:05.900000+00:00,100.0976,114
2026-01-05 14:31:06+00:00,100.1052,217
2026-01-05 14:31:06.100000+00:00,100.1039,316
2026-01-05 14:31:06.200000+00:00,100.1073,36
2026-01-05 14:31:06.300000+00:00,100.11,703
2026-01-05 14:31:06.400000+00:00,100.0946,28
2026-01-05 14:31:06.500000+00:00,100.0888,102
2026-01-05 14:31:06.600000+00:00,100.0822,336
2026-01-05 14:31:06.700000+00:00,100.0859,3079
2026-01-05 14:31:06.800000+00:00,100.0746,205
2026-01-05 14:31:06.900000+00:00,100.0746,751
2026-01-05 14:31:07+00:00,100.079,201
2026-01-05 14:31:07.100000+00:00,100.0703,544
2026-01-05 14:31:07.200000+00:00,100.0888,574
2026-01-05 14:31:07.300000+00:00,100.0886,68
2026-01-05 14:31:07.400000+00:00,100.0819,190
2026-01-05 14:31:07.500000+00:00,100.0698,54
2026-01-05 14:31:07.600000+00:00,100.0674,673
2026-01-05 14:31:07.700000+00:00,100.0716,683
2026-01-05 14:31:07.800000+00:00,100.0638,397
2026-01-05 14:31:07.900000+00:00,100.0703,214
2026-01-05 14:31:08+00:00,100.0765,390
2026-01-05 14:31:08.100000+00:00,100.0818,280
2026-01-05 14:31:08.200000+00:00,100.0731,325
2026-01-05 14:31:08.300000+00:00,100.0812,124
2026-01-05 14:31:08.400000+00:00,100.071,219
2026-01-05 14:31:08.500000+00:00,100.0825,49
2026-01-05 14:31:08.600000+00:00,100.0803,406
2026-01-05 14:31:08.700000+00:00,100.0878,258
2026-01-05 14:31:08.800000+00:00,100.0845,157
2026-01-05 14:31:08.900000+00:00,100.0675,61
2026-01-05 14:31:09+00:00,100.0636,890
2026-01-05 14:31:09.100000+00:00,100.0727,185
2026-01-05 14:31:09.200000+00:00,100.0721,426
2026-01-05 14:31:09.300000+00:00,100.0526,61
2026-01-05 14:31:09.400000+00:00,100.041,205
2026-01-05 14:31:09.500000+00:00,100.039,61
2026-01-05 14:31:09.600000+00:00,100.0493,152
2026-01-05 14:31:09.700000+00:00,100.0454,518
2026-01-05 14:31:09.800000+00:00,100.0323,226
2026-01-05 14:31:09.900000+00:00,100.0452,203
2026-01-05 14:31:10+00:00,100.0387,78
2026-01-05 14:31:10.100000+00:00,100.0427,62
2026-01-05 14:31:10.200000+00:00,100.0421,393
2026-01-05 14:31:10.300000+00:00,100.034,107
2026-01-05 14:31:10.400000+00:00,100.0444,110
2026-01-05 14:31:10.500000+00:00,100.0322,152
2026-01-05 14:31:10.600000+00:00,100.0483,73
2026-01-05 14:31:10.700000+00:00,100.0294,771
2026-01-05 14:31:10.800000+00:00,100.0348,61
2026-01-05 14:31:10.900000+00:00,100.0304,586
2026-01-05 14:31:11+00:00,100.0167,20
2026-01-05 14:31:11.100000+00:00,100.0206,118
2026-01-05 14:31:11.200000+00:00,100.034,104
2026-01-05 14:31:11.300000+00:00,100.0356,103
2026-01-05 14:31:11.400000+00:00,100.0438,194
2026-01-05 14:31:11.500000+00:00,100.0698,229
2026-01-05 14:31:11.600000+00:00,100.0714,81
2026-01-05 14:31:11.700000+00:00,100.0845,85
2026-01-05 14:31:11.800000+00:00,100.0645,138
2026-01-05 14:31:11.900000+00:00,100.0566,160
2026-01-05 14:31:12+00:00,100.0504,305
2026-01-05 14:31:12.100000+00:00,100.0425,131
2026-01-05 14:31:12.200000+00:00,100.0314,809
2026-01-05 14:31:12.300000+00:00,100.0134,157
2026-01-05 14:31:12.400000+00:00,100.0112,157
2026-01-05 14:31:12.500000+00:00,100.0238,111
2026-01-05 14:31:12.600000+00:00,100.0266,570
2026-01-05 14:31:12.700000+00:00,100.0317,607
2026-01-05 14:31:12.800000+00:00,100.053,151
2026-01-05 14:31:12.900000+00:00,100.0699,168
2026-01-05 14:31:13+00:00,100.072,145
2026-01-05 14:31:13.100000+00:00,100.0516,72
2026-01-05 14:31:13.200000+00:00,100.0537,1150
2026-01-05 14:31:13.300000+00:00,100.0579,283
2026-01-05 14:31:13.400000+00:00,100.0557,115
2026-01-05 14:31:13.500000+00:00,100.049,380
2026-01-05 14:31:13.600000+00:00,100.0716,56
2026-01-05 14:31:13.700000+00:00,100.065,339
2026-01-05 14:31:13.800000+00:00,100.0584,372
2026-01-05 14:31:13.900000+00:00,100.0478,45
2026-01-05 14:31:14+00:00,100.0509,203
2026-01-05 14:31:14.100000+00:00,100.0504,125
2026-01-05 14:31:14.200000+00:00,100.0385,142
2026-01-05 14:31:14.300000+00:00,100.0223,46
2026-01-05 14:31:14.400000+00:00,100.012,359
2026-01-05 14:31:14.500000+00:00,100.016,101
2026-01-05 14:31:14.600000+00:00,100.0287,125
2026-01-05 14:31:14.700000+00:00,100.0462,71
2026-01-05 14:31:14.800000+00:00,100.0454,239
2026-01-05 14:31:14.900000+00:00,100.0684,108
2026-01-05 14:31:15+00:00,100.0608,42
2026-01-05 14:31:15.100000+00:00,100.0732,33
2026-01-05 14:31:15.200000+00:00,100.0653,322
2026-01-05 14:31:15.300000+00:00,100.0624,1400
2026-01-05 14:31:15.400000+00:00,100.0577,203
2026-01-05 14:31:15.500000+00:00,100.0596,81
2026-01-05 14:31:15.600000+00:00,100.0658,322
2026-01-05 14:31:15.700000+00:00,100.0766,134
2026-01-05 14:31:15.800000+00:00,100.0872,572
2026-01-05 14:31:15.900000+00:00,100.1026,137
2026-01-05 14:31:16+00:00,100.1025,230
2026-01-05 14:31:16.100000+00:00,100.0897,239
2026-01-05 14:31:16.200000+00:00,100.0728,70
2026-01-05 14:31:16.300000+00:00,100.0885,58
2026-01-05 14:31:16.400000+00:00,100.0877,554
2026-01-05 14:31:16.500000+00:00,100.0805,59
2026-01-05 14:31:16.600000+00:00,100.0722,25
2026-01-05 14:31:16.700000+00:00,100.0643,253
2026-01-05 14:31:16.800000+00:00,100.0626,415
2026-01-05 14:31:16.900000+00:00,100.0622,415
2026-01-05 14:31:17+00:00,100.0522,212
2026-01-05 14:31:17.100000+00:00,100.0556,130
2026-01-05 14:31:17.200000+00:00,100.0478,167
2026-01-05 14:31:17.300000+00:00,100.0454,919
2026-01-05 14:31:17.400000+00:00,100.0326,261
2026-01-05 14:31:17.500000+00:00,100.0293,143
2026-01-05 14:31:17.600000+00:00,100.0218,105
2026-01-05 14:31:17.700000+00:00,100.0455,134
2026-01-05 14:31:17.800000+00:00,100.0189,118
2026-01-05 14:31:17.900000+00:00,100.0189,195
2026-01-05 14:31:18+00:00,100.0217,147
2026-01-05 14:31:18.100000+00:00,100.0209,54
2026-01-05 14:31:18.200000+00:00,100.0194,130
2026-01-05 14:31:18.300000+00:00,100.0198,51
2026-01-05 14:31:18.400000+00:00,100.0147,193
2026-01-05 14:31:18.500000+00:00,100.0134,432
2026-01-05 14:31:18.600000+00:00,100.0052,57
2026-01-05 14:31:18.700000+00:00,100.013,60
2026-01-05 14:31:18.800000+00:00,100.0009,274
2026-01-05 14:31:18.900000+00:00,99.9942,406
2026-01-05 14:31:19+00:00,100.0028,198
2026-01-05 14:31:19.100000+00:00,100.0101,1834
2026-01-05 14:31:19.200000+00:00,100.0184,30
2026-01-05 14:31:19.300000+00:00,100.0208,222
2026-01-05 14:31:19.400000+00:00,100.0221,78
2026-01-05 14:31:19.500000+00:00,100.0151,243
2026-01-05 14:31:19.600000+00:00,100.0037,247
2026-01-05 14:31:19.700000+00:00,100.0058,511
2026-01-05 14:31:19.800000+00:00,99.9979,72
2026-01-05 14:31:19.900000+00:00,99.9887,232
2026-01-05 14:31:20+00:00,100.0024,84
2026-01-05 14:31:20.100000+00:00,100.0152,153
2026-01-05 14:31:20.200000+00:00,100.0055,1027
2026-01-05 14:31:20.300000+00:00,100.0117,142
2026-01-05 14:31:20.400000+00:00,100.0098,154
2026-01-05 14:31:20.500000+00:00,100.0153,78
2026-01-05 14:31:20.600000+00:00,100.0145,43
2026-01-05 14:31:20.700000+00:00,100.0285,70
2026-01-05 14:31:20.800000+00:00,100.0479,15
2026-01-05 14:31:20.900000+00:00,100.037,660
2026-01-05 14:31:21+00:00,100.0402,212
2026-01-05 14:31:21.100000+00:00,100.0259,527
2026-01-05 14:31:21.200000+00:00,100.0169,104
2026-01-05 14:31:21.300000+00:00,100.0267,358
2026-01-05 14:31:21.400000+00:00,100.0295,129
2026-01-05 14:31:21.500000+00:00,100.0275,209
2026-01-05 14:31:21.600000+00:00,100.0272,27
2026-01-05 14:31:21.700000+00:00,100.043,44
2026-01-05 14:31:21.800000+00:00,100.0462,290
2026-01-05 14:31:21.900000+00:00,100.042,39
2026-01-05 14:31:22+00:00,100.0483,449
2026-01-05 14:31:22.100000+00:00,100.0428,114
2026-01-05 14:31:22.200000+00:00,100.0548,51
2026-01-05 14:31:22.300000+00:00,100.058,105
2026-01-05 14:31:22.400000+00:00,100.048,87
2026-01-05 14:31:22.500000+00:00,100.0556,132
2026-01-05 14:31:22.600000+00:00,100.055,32
2026-01-05 14:31:22.700000+00:00,100.05,215
2026-01-05 14:31:22.800000+00:00,100.0449,307
2026-01-05 14:31:22.900000+00:00,100.0478,152
2026-01-05 14:31:23+00:00,100.0296,73
2026-01-05 14:31:23.100000+00:00,100.0439,111
2026-01-05 14:31:23.200000+00:00,100.0378,254
2026-01-05 14:31:23.300000+00:00,100.0435,457
2026-01-05 14:31:23.400000+00:00,100.0321,180
2026-01-05 14:31:23.500000+00:00,100.0396,156
2026-01-05 14:31:23.600000+00:00,100.0326,86
2026-01-05 14:31:23.700000+00:00,100.0321,587
2026-01-05 14:31:23.800000+00:00,100.0423,156
2026-01-05 14:31:23.900000+00:00,100.0577,85
2026-01-05 14:31:24+00:00,100.0497,328
2026-01-05 14:31:24.100000+00:00,100.0508,274
2026-01-05 14:31:24.200000+00:00,100.0414,26
2026-01-05 14:31:24.300000+00:00,100.0458,302
2026-01-05 14:31:24.400000+00:00,100.0424,142
2026-01-05 14:31:24.500000+00:00,100.0562,177
2026-01-05 14:31:24.600000+00:00,100.0549,44
2026-01-05 14:31:24.700000+00:00,100.0527,34
2026-01-05 14:31:24.800000+00:00,100.0452,48
2026-01-05 14:31:24.900000+00:00,100.0389,42
2026-01-05 14:31:25+00:00,100.0399,549
2026-01-05 14:31:25.100000+00:00,100.0435,169
2026-01-05 14:31:25.200000+00:00,100.0439,34
2026-01-05 14:31:25.300000+00:00,100.0496,70
2026-01-05 14:31:25.400000+00:00,100.0441,306
2026-01-05 14:31:25.500000+00:00,100.0596,200
2026-01-05 14:31:25.600000+00:00,100.053,76
2026-01-05 14:31:25.700000+00:00,100.0562,292
2026-01-05 14:31:25.800000+00:00,100.0658,92
2026-01-05 14:31:25.900000+00:00,100.085,213
2026-01-05 14:31:26+00:00,100.0796,89
2026-01-05 14:31:26.100000+00:00,100.0657,1160
2026-01-05 14:31:26.200000+00:00,100.0671,224
2026-01-05 14:31:26.300000+00:00,100.0714,29
2026-01-05 14:31:26.400000+00:00,100.0695,583
2026-01-05 14:31:26.500000+00:00,100.069,208
2026-01-05 14:31:26.600000+00:00,100.0595,282
2026-01-05 14:31:26.700000+00:00,100.0768,18
2026-01-05 14:31:26.800000+00:00,100.0591,282
2026-01-05 14:31:26.900000+00:00,100.0486,991
2026-01-05 14:31:27+00:00,100.0513,142
2026-01-05 14:31:27.100000+00:00,100.0372,101
2026-01-05 14:31:27.200000+00:00,100.0363,44
2026-01-05 14:31:27.300000+00:00,100.0392,321
2026-01-05 14:31:27.400000+00:00,100.0578,104
2026-01-05 14:31:27.500000+00:00,100.0648,100
2026-01-05 14:31:27.600000+00:00,100.064,709
2026-01-05 14:31:27.700000+00:00,100.0671,355
2026-01-05 14:31:27.800000+00:00,100.0657,165
2026-01-05 14:31:27.900000+00:00,100.0724,425
2026-01-05 14:31:28+00:00,100.066,114
2026-01-05 14:31:28.100000+00:00,100.0751,1337
2026-01-05 14:31:28.200000+00:00,100.0706,120
2026-01-05 14:31:28.300000+00:00,100.071,31
2026-01-05 14:31:28.400000+00:00,100.077,393
2026-01-05 14:31:28.500000+00:00,100.0759,49
2026-01-05 14:31:28.600000+00:00,100.0761,32
2026-01-05 14:31:28.700000+00:00,100.079,356
2026-01-05 14:31:28.800000+00:00,100.0706,146
2026-01-05 14:31:28.900000+00:00,100.0707,231
2026-01-05 14:31:29+00:00,100.0623,191
2026-01-05 14:31:29.100000+00:00,100.0662,95
2026-01-05 14:31:29.200000+00:00,100.0621,96
2026-01-05 14:31:29.300000+00:00,100.0381,265
2026-01-05 14:31:29.400000+00:00,100.0444,310
2026-01-05 14:31:29.500000+00:00,100.0378,230
2026-01-05 14:31:29.600000+00:00,100.0294,595
2026-01-05 14:31:29.700000+00:00,100.0378,205
2026-01-05 14:31:29.800000+00:00,100.0488,753
2026-01-05 14:31:29.900000+00:00,100.0575,51
2026-01-05 14:31:30+00:00,100.0524,64
2026-01-05 14:31:30.100000+00:00,100.0562,75
2026-01-05 14:31:30.200000+00:00,100.0553,148
2026-01-05 14:31:30.300000+00:00,100.0595,80
2026-01-05 14:31:30.400000+00:00,100.0619,238
2026-01-05 14:31:30.500000+00:00,100.0534,376
2026-01-05 14:31:30.600000+00:00,100.0614,148
2026-01-05 14:31:30.700000+00:00,100.0546,128
2026-01-05 14:31:30.800000+00:00,100.0668,187
2026-01-05 14:31:30.900000+00:00,100.0471,593
2026-01-05 14:31:31+00:00,100.0455,107
2026-01-05 14:31:31.100000+00:00,100.0458,82
2026-01-05 14:31:31.200000+00:00,100.0415,404
2026-01-05 14:31:31.300000+00:00,100.0501,131
2026-01-05 14:31:31.400000+00:00,100.0556,143
2026-01-05 14:31:31.500000+00:00,100.0538,194
2026-01-05 14:31:31.600000+00:00,100.0554,1626
2026-01-05 14:31:31.700000+00:00,100.067,288
2026-01-05 14:31:31.800000+00:00,100.0661,115
2026-01-05 14:31:31.900000+00:00,100.0739,436
2026-01-05 14:31:32+00:00,100.0826,217
2026-01-05 14:31:32.100000+00:00,100.0976,160
2026-01-05 14:31:32.200000+00:00,100.103,101
2026-01-05 14:31:32.300000+00:00,100.1096,335
2026-01-05 14:31:32.400000+00:00,100.1027,120
2026-01-05 14:31:32.500000+00:00,100.1041,253
2026-01-05 14:31:32.600000+00:00,100.0978,165
2026-01-05 14:31:32.700000+00:00,100.0818,108
2026-01-05 14:31:32.800000+00:00,100.0904,230
2026-01-05 14:31:32.900000+00:00,100.0981,344
2026-01-05 14:31:33+00:00,100.0936,170
2026-01-05 14:31:33.100000+00:00,100.0956,81
2026-01-05 14:31:33.200000+00:00,100.0919,148
2026-01-05 14:31:33.300000+00:00,100.0806,240
2026-01-05 14:31:33.400000+00:00,100.0677,152
2026-01-05 14:31:33.500000+00:00,100.0646,30
2026-01-05 14:31:33.600000+00:00,100.0609,233
2026-01-05 14:31:33.700000+00:00,100.0663,332
2026-01-05 14:31:33.800000+00:00,100.0728,309
2026-01-05 14:31:33.900000+00:00,100.0644,162
2026-01-05 14:31:34+00:00,100.0733,124
2026-01-05 14:31:34.100000+00:00,100.0781,285
2026-01-05 14:31:34.200000+00:00,100.0647,92
2026-01-05 14:31:34.300000+00:00,100.0654,55
2026-01-05 14:31:34.400000+00:00,100.0718,284
2026-01-05 14:31:34.500000+00:00,100.0808,56
2026-01-05 14:31:34.600000+00:00,100.0864,406
2026-01-05 14:31:34.700000+00:00,100.0801,55
2026-01-05 14:31:34.800000+00:00,100.0668,77
2026-01-05 14:31:34.900000+00:00,100.065,124
2026-01-05 14:31:35+00:00,100.0827,337
2026-01-05 14:31:35.100000+00:00,100.096,59
2026-01-05 14:31:35.200000+00:00,100.1114,1415
2026-01-05 14:31:35.300000+00:00,100.0976,376
2026-01-05 14:31:35.400000+00:00,100.0973,580
2026-01-05 14:31:35.500000+00:00,100.1062,168
2026-01-05 14:31:35.600000+00:00,100.1112,122
2026-01-05 14:31:35.700000+00:00,100.1237,312
2026-01-05 14:31:35.800000+00:00,100.1139,15
2026-01-05 14:31:35.900000+00:00,100.1231,685
2026-01-05 14:31:36+00:00,100.1104,442
2026-01-05 14:31:36.100000+00:00,100.13,45
2026-01-05 14:31:36.200000+00:00,100.1217,145
2026-01-05 14:31:36.300000+00:00,100.1347,254
2026-01-05 14:31:36.400000+00:00,100.1371,185
2026-01-05 14:31:36.500000+00:00,100.1348,121
2026-01-05 14:31:36.600000+00:00,100.1638,390
2026-01-05 14:31:36.700000+00:00,100.1568,1045
2026-01-05 14:31:36.800000+00:00,100.1473,101
2026-01-05 14:31:36.900000+00:00,100.1508,72
2026-01-05 14:31:37+00:00,100.1662,758
2026-01-05 14:31:37.100000+00:00,100.1706,218
2026-01-05 14:31:37.200000+00:00,100.1707,162
2026-01-05 14:31:37.300000+00:00,100.1775,70
2026-01-05 14:31:37.400000+00:00,100.1846,113
2026-01-05 14:31:37.500000+00:00,100.1822,110
2026-01-05 14:31:37.600000+00:00,100.1904,222
2026-01-05 14:31:37.700000+00:00,100.1901,369
2026-01-05 14:31:37.800000+00:00,100.167,168
2026-01-05 14:31:37.900000+00:00,100.156,256
2026-01-05 14:31:38+00:00,100.175,81
2026-01-05 14:31:38.100000+00:00,100.1719,219
2026-01-05 14:31:38.200000+00:00,100.1568,217
2026-01-05 14:31:38.300000+00:00,100.1663,132
2026-01-05 14:31:38.400000+00:00,100.1636,145
2026-01-05 14:31:38.500000+00:00,100.1492,869
2026-01-05 14:31:38.600000+00:00,100.1354,313
2026-01-05 14:31:38.700000+00:00,100.1327,174
2026-01-05 14:31:38.800000+00:00,100.1429,138
2026-01-05 14:31:38.900000+00:00,100.1269,81
2026-01-05 14:31:39+00:00,100.1153,296
2026-01-05 14:31:39.100000+00:00,100.1327,73
2026-01-05 14:31:39.200000+00:00,100.135,37
2026-01-05 14:31:39.300000+00:00,100.1474,197
2026-01-05 14:31:39.400000+00:00,100.1372,184
2026-01-05 14:31:39.500000+00:00,100.1322,198
2026-01-05 14:31:39.600000+00:00,100.1281,82
2026-01-05 14:31:39.700000+00:00,100.1408,64
2026-01-05 14:31:39.800000+00:00,100.1265,67
2026-01-05 14:31:39.900000+00:00,100.1166,213
2026-01-05 14:31:40+00:00,100.1212,271
2026-01-05 14:31:40.100000+00:00,100.1154,94
2026-01-05 14:31:40.200000+00:00,100.1108,301
2026-01-05 14:31:40.300000+00:00,100.0978,713
2026-01-05 14:31:40.400000+00:00,100.1067,1460
2026-01-05 14:31:40.500000+00:00,100.1124,95
2026-01-05 14:31:40.600000+00:00,100.1055,388
2026-01-05 14:31:40.700000+00:00,100.1079,268
2026-01-05 14:31:40.800000+00:00,100.1025,36
2026-01-05 14:31:40.900000+00:00,100.0956,103
2026-01-05 14:31:41+00:00,100.0886,156
2026-01-05 14:31:41.100000+00:00,100.0647,255
2026-01-05 14:31:41.200000+00:00,100.068,81
2026-01-05 14:31:41.300000+00:00,100.0685,189
2026-01-05 14:31:41.400000+00:00,100.0722,209
2026-01-05 14:31:41.500000+00:00,100.0638,413
2026-01-05 14:31:41.600000+00:00,100.0614,87
2026-01-05 14:31:41.700000+00:00,100.0766,276
2026-01-05 14:31:41.800000+00:00,100.0772,105
2026-01-05 14:31:41.900000+00:00,100.0915,459
2026-01-05 14:31:42+00:00,100.0903,275
2026-01-05 14:31:42.100000+00:00,100.0796,200
2026-01-05 14:31:42.200000+00:00,100.084,138
2026-01-05 14:31:42.300000+00:00,100.1,112
2026-01-05 14:31:42.400000+00:00,100.0922,93
2026-01-05 14:31:42.500000+00:00,100.0968,62
2026-01-05 14:31:42.600000+00:00,100.1027,246
2026-01-05 14:31:42.700000+00:00,100.0882,162
2026-01-05 14:31:42.800000+00:00,100.1096,297
2026-01-05 14:31:42.900000+00:00,100.1172,193
2026-01-05 14:31:43+00:00,100.1135,213
2026-01-05 14:31:43.100000+00:00,100.0922,644
2026-01-05 14:31:43.200000+00:00,100.0962,100
2026-01-05 14:31:43.300000+00:00,100.0999,329
2026-01-05 14:31:43.400000+00:00,100.1017,112
2026-01-05 14:31:43.500000+00:00,100.1031,308
2026-01-05 14:31:43.600000+00:00,100.1141,193
2026-01-05 14:31:43.700000+00:00,100.1146,115
2026-01-05 14:31:43.800000+00:00,100.1103,67
2026-01-05 14:31:43.900000+00:00,100.115,103
2026-01-05 14:31:44+00:00,100.1,175
2026-01-05 14:31:44.100000+00:00,100.0981,60
2026-01-05 14:31:44.200000+00:00,100.0876,221
2026-01-05 14:31:44.300000+00:00,100.0698,473
2026-01-05 14:31:44.400000+00:00,100.0713,160
2026-01-05 14:31:44.500000+00:00,100.0742,216
2026-01-05 14:31:44.600000+00:00,100.0707,107
2026-01-05 14:31:44.700000+00:00,100.0755,132
2026-01-05 14:31:44.800000+00:00,100.0765,50
2026-01-05 14:31:44.900000+00:00,100.073,757
2026-01-05 14:31:45+00:00,100.0605,286
2026-01-05 14:31:45.100000+00:00,100.0624,110
2026-01-05 14:31:45.200000+00:00,100.0478,78
2026-01-05 14:31:45.300000+00:00,100.052,304
2026-01-05 14:31:45.400000+00:00,100.0673,125
2026-01-05 14:31:45.500000+00:00,100.0649,81
2026-01-05 14:31:45.600000+00:00,100.0732,101
2026-01-05 14:31:45.700000+00:00,100.0694,63
2026-01-05 14:31:45.800000+00:00,100.0678,106
2026-01-05 14:31:45.900000+00:00,100.0845,69
2026-01-05 14:31:46+00:00,100.0892,65
2026-01-05 14:31:46.100000+00:00,100.0891,1043
2026-01-05 14:31:46.200000+00:00,100.0707,121
2026-01-05 14:31:46.300000+00:00,100.0888,76
2026-01-05 14:31:46.400000+00:00,100.0935,191
2026-01-05 14:31:46.500000+00:00,100.0829,104
2026-01-05 14:31:46.600000+00:00,100.0771,184
2026-01-05 14:31:46.700000+00:00,100.0659,71
2026-01-05 14:31:46.800000+00:00,100.0663,482
2026-01-05 14:31:46.900000+00:00,100.0688,24
2026-01-05 14:31:47+00:00,100.0542,213
2026-01-05 14:31:47.100000+00:00,100.0589,1005
2026-01-05 14:31:47.200000+00:00,100.0545,55
2026-01-05 14:31:47.300000+00:00,100.0436,619
2026-01-05 14:31:47.400000+00:00,100.0559,253
2026-01-05 14:31:47.500000+00:00,100.0591,198
2026-01-05 14:31:47.600000+00:00,100.0619,181
2026-01-05 14:31:47.700000+00:00,100.0708,409
2026-01-05 14:31:47.800000+00:00,100.0785,143
2026-01-05 14:31:47.900000+00:00,100.0911,153
2026-01-05 14:31:48+00:00,100.0892,460
2026-01-05 14:31:48.100000+00:00,100.0691,163
2026-01-05 14:31:48.200000+00:00,100.0678,87
2026-01-05 14:31:48.300000+00:00,100.0716,282
2026-01-05 14:31:48.400000+00:00,100.0873,29
2026-01-05 14:31:48.500000+00:00,100.1198,65
2026-01-05 14:31:48.600000+00:00,100.1248,107
2026-01-05 14:31:48.700000+00:00,100.1096,291
2026-01-05 14:31:48.800000+00:00,100.1087,491
2026-01-05 14:31:48.900000+00:00,100.1144,85
2026-01-05 14:31:49+00:00,100.1146,302
2026-01-05 14:31:49.100000+00:00,100.0855,687
2026-01-05 14:31:49.200000+00:00,100.0986,95
2026-01-05 14:31:49.300000+00:00,100.0996,142
2026-01-05 14:31:49.400000+00:00,100.0863,252
2026-01-05 14:31:49.500000+00:00,100.0828,387
2026-01-05 14:31:49.600000+00:00,100.082,484
2026-01-05 14:31:49.700000+00:00,100.0785,55
2026-01-05 14:31:49.800000+00:00,100.086,383
2026-01-05 14:31:49.900000+00:00,100.0827,102
2026-01-05 14:31:50+00:00,100.0818,323
2026-01-05 14:31:50.100000+00:00,100.0693,239
2026-01-05 14:31:50.200000+00:00,100.064,859
2026-01-05 14:31:50.300000+00:00,100.0767,210
2026-01-05 14:31:50.400000+00:00,100.085,247
2026-01-05 14:31:50.500000+00:00,100.0873,233
2026-01-05 14:31:50.600000+00:00,100.0623,717
2026-01-05 14:31:50.700000+00:00,100.0471,157
2026-01-05 14:31:50.800000+00:00,100.0492,303
2026-01-05 14:31:50.900000+00:00,100.0382,221
2026-01-05 14:31:51+00:00,100.0411,176
2026-01-05 14:31:51.100000+00:00,100.0484,546
2026-01-05 14:31:51.200000+00:00,100.0386,77
2026-01-05 14:31:51.300000+00:00,100.0541,85
2026-01-05 14:31:51.400000+00:00,100.0661,67
2026-01-05 14:31:51.500000+00:00,100.0903,148
2026-01-05 14:31:51.600000+00:00,100.0794,87
2026-01-05 14:31:51.700000+00:00,100.082,100
2026-01-05 14:31:51.800000+00:00,100.0763,144
2026-01-05 14:31:51.900000+00:00,100.0913,51
2026-01-05 14:31:52+00:00,100.1035,630
2026-01-05 14:31:52.100000+00:00,100.1138,99
2026-01-05 14:31:52.200000+00:00,100.117,529
2026-01-05 14:31:52.300000+00:00,100.1178,364
2026-01-05 14:31:52.400000+00:00,100.1176,527
2026-01-05 14:31:52.500000+00:00,100.1189,143
2026-01-05 14:31:52.600000+00:00,100.1298,21
2026-01-05 14:31:52.700000+00:00,100.1441,376
2026-01-05 14:31:52.800000+00:00,100.1411,205
2026-01-05 14:31:52.900000+00:00,100.1306,381
2026-01-05 14:31:53+00:00,100.1286,365
2026-01-05 14:31:53.100000+00:00,100.115,810
2026-01-05 14:31:53.200000+00:00,100.1233,76
2026-01-05 14:31:53.300000+00:00,100.1252,185
2026-01-05 14:31:53.400000+00:00,100.1483,442
2026-01-05 14:31:53.500000+00:00,100.1404,71
2026-01-05 14:31:53.600000+00:00,100.1269,105
2026-01-05 14:31:53.700000+00:00,100.1263,70
2026-01-05 14:31:53.800000+00:00,100.1181,619
2026-01-05 14:31:53.900000+00:00,100.1248,59
2026-01-05 14:31:54+00:00,100.1052,70
2026-01-05 14:31:54.100000+00:00,100.103,451
2026-01-05 14:31:54.200000+00:00,100.1109,63
2026-01-05 14:31:54.300000+00:00,100.1263,39
2026-01-05 14:31:54.400000+00:00,100.1205,76
2026-01-05 14:31:54.500000+00:00,100.134,94
2026-01-05 14:31:54.600000+00:00,100.1196,196
2026-01-05 14:31:54.700000+00:00,100.1204,247
2026-01-05 14:31:54.800000+00:00,100.1293,140
2026-01-05 14:31:54.900000+00:00,100.1312,843
2026-01-05 14:31:55+00:00,100.1361,57
2026-01-05 14:31:55.100000+00:00,100.119,150
2026-01-05 14:31:55.200000+00:00,100.1097,225
2026-01-05 14:31:55.300000+00:00,100.1176,160
2026-01-05 14:31:55.400000+00:00,100.1321,273
2026-01-05 14:31:55.500000+00:00,100.1364,437
2026-01-05 14:31:55.600000+00:00,100.1472,193
2026-01-05 14:31:55.700000+00:00,100.1491,41
2026-01-05 14:31:55.800000+00:00,100.1454,194
2026-01-05 14:31:55.900000+00:00,100.1625,182
2026-01-05 14:31:56+00:00,100.1586,94
2026-01-05 14:31:56.100000+00:00,100.1648,114
2026-01-05 14:31:56.200000+00:00,100.1583,15
2026-01-05 14:31:56.300000+00:00,100.139,69
2026-01-05 14:31:56.400000+00:00,100.1404,89
2026-01-05 14:31:56.500000+00:00,100.143,247
2026-01-05 14:31:56.600000+00:00,100.1405,205
2026-01-05 14:31:56.700000+00:00,100.1491,296
2026-01-05 14:31:56.800000+00:00,100.1494,52
2026-01-05 14:31:56.900000+00:00,100.1382,310
2026-01-05 14:31:57+00:00,100.135,144
2026-01-05 14:31:57.100000+00:00,100.1389,182
2026-01-05 14:31:57.200000+00:00,100.1434,389
2026-01-05 14:31:57.300000+00:00,100.1411,68
2026-01-05 14:31:57.400000+00:00,100.1341,79
2026-01-05 14:31:57.500000+00:00,100.1275,740
2026-01-05 14:31:57.600000+00:00,100.1243,666
2026-01-05 14:31:57.700000+00:00,100.128,146
2026-01-05 14:31:57.800000+00:00,100.1298,150
2026-01-05 14:31:57.900000+00:00,100.1295,54
2026-01-05 14:31:58+00:00,100.1319,118
2026-01-05 14:31:58.100000+00:00,100.1478,86
2026-01-05 14:31:58.200000+00:00,100.1516,506
2026-01-05 14:31:58.300000+00:00,100.1487,175
2026-01-05 14:31:58.400000+00:00,100.1621,136
2026-01-05 14:31:58.500000+00:00,100.1408,165
2026-01-05 14:31:58.600000+00:00,100.1386,517
2026-01-05 14:31:58.700000+00:00,100.1442,229
2026-01-05 14:31:58.800000+00:00,100.15,135
2026-01-05 14:31:58.900000+00:00,100.153,173
2026-01-05 14:31:59+00:00,100.1517,740
2026-01-05 14:31:59.100000+00:00,100.1527,303
2026-01-05 14:31:59.200000+00:00,100.1383,49
2026-01-05 14:31:59.300000+00:00,100.1443,94
2026-01-05 14:31:59.400000+00:00,100.1541,266
2026-01-05 14:31:59.500000+00:00,100.158,286
2026-01-05 14:31:59.600000+00:00,100.1643,289
2026-01-05 14:31:59.700000+00:00,100.1628,486
2026-01-05 14:31:59.800000+00:00,100.1773,110
2026-01-05 14:31:59.900000+00:00,100.1779,142
2026-01-05 14:32:00+00:00,100.1679,82
2026-01-05 14:32:00.100000+00:00,100.1727,152
2026-01-05 14:32:00.200000+00:00,100.183,127
2026-01-05 14:32:00.300000+00:00,100.2017,115
2026-01-05 14:32:00.400000+00:00,100.2065,114
2026-01-05 14:32:00.500000+00:00,100.1866,256
2026-01-05 14:32:00.600000+00:00,100.1879,101
2026-01-05 14:32:00.700000+00:00,100.1867,206
2026-01-05 14:32:00.800000+00:00,100.1889,253
2026-01-05 14:32:00.900000+00:00,100.1747,106
2026-01-05 14:32:01+00:00,100.1796,53
2026-01-05 14:32:01.100000+00:00,100.1812,51
2026-01-05 14:32:01.200000+00:00,100.187,120
2026-01-05 14:32:01.300000+00:00,100.1811,427
2026-01-05 14:32:01.400000+00:00,100.1724,41
2026-01-05 14:32:01.500000+00:00,100.1933,1778
2026-01-05 14:32:01.600000+00:00,100.1735,188
2026-01-05 14:32:01.700000+00:00,100.182,178
2026-01-05 14:32:01.800000+00:00,100.1747,44
2026-01-05 14:32:01.900000+00:00,100.1726,159
2026-01-05 14:32:02+00:00,100.176,338
2026-01-05 14:32:02.100000+00:00,100.1779,190
2026-01-05 14:32:02.200000+00:00,100.1732,558
2026-01-05 14:32:02.300000+00:00,100.1878,247
2026-01-05 14:32:02.400000+00:00,100.1848,485
2026-01-05 14:32:02.500000+00:00,100.2059,655
2026-01-05 14:32:02.600000+00:00,100.2072,57
2026-01-05 14:32:02.700000+00:00,100.2117,172
2026-01-05 14:32:02.800000+00:00,100.209,106
2026-01-05 14:32:02.900000+00:00,100.2207,156
2026-01-05 14:32:03+00:00,100.2141,172
2026-01-05 14:32:03.100000+00:00,100.2207,19
2026-01-05 14:32:03.200000+00:00,100.2138,256
2026-01-05 14:32:03.300000+00:00,100.2167,506
2026-01-05 14:32:03.400000+00:00,100.2062,299
2026-01-05 14:32:03.500000+00:00,100.2177,363
2026-01-05 14:32:03.600000+00:00,100.206,557
2026-01-05 14:32:03.700000+00:00,100.2064,252
2026-01-05 14:32:03.800000+00:00,100.2068,77
2026-01-05 14:32:03.900000+00:00,100.2094,44
2026-01-05 14:32:04+00:00,100.2001,335
2026-01-05 14:32:04.100000+00:00,100.1989,166
2026-01-05 14:32:04.200000+00:00,100.2032,685
2026-01-05 14:32:04.300000+00:00,100.196,53
2026-01-05 14:32:04.400000+00:00,100.1957,324
2026-01-05 14:32:04.500000+00:00,100.2014,172
2026-01-05 14:32:04.600000+00:00,100.2139,31
2026-01-05 14:32:04.700000+00:00,100.2341,360
2026-01-05 14:32:04.800000+00:00,100.2216,36
2026-01-05 14:32:04.900000+00:00,100.226,60
2026-01-05 14:32:05+00:00,100.2147,74
2026-01-05 14:32:05.100000+00:00,100.2112,41
2026-01-05 14:32:05.200000+00:00,100.2229,1605
2026-01-05 14:32:05.300000+00:00,100.2235,30
2026-01-05 14:32:05.400000+00:00,100.2387,149
2026-01-05 14:32:05.500000+00:00,100.2264,80
2026-01-05 14:32:05.600000+00:00,100.2229,104
2026-01-05 14:32:05.700000+00:00,100.2268,244
2026-01-05 14:32:05.800000+00:00,100.2159,35
2026-01-05 14:32:05.900000+00:00,100.2208,156
2026-01-05 14:32:06+00:00,100.22,147
2026-01-05 14:32:06.100000+00:00,100.2197,183
2026-01-05 14:32:06.200000+00:00,100.2274,173
2026-01-05 14:32:06.300000+00:00,100.2143,65
2026-01-05 14:32:06.400000+00:00,100.1967,52
2026-01-05 14:32:06.500000+00:00,100.2043,100
2026-01-05 14:32:06.600000+00:00,100.2056,258
2026-01-05 14:32:06.700000+00:00,100.2183,407
2026-01-05 14:32:06.800000+00:00,100.2311,227
2026-01-05 14:32:06.900000+00:00,100.2237,283
2026-01-05 14:32:07+00:00,100.2314,358
2026-01-05 14:32:07.100000+00:00,100.2519,319
2026-01-05 14:32:07.200000+00:00,100.2448,114
2026-01-05 14:32:07.300000+00:00,100.232,420
2026-01-05 14:32:07.400000+00:00,100.2366,34
2026-01-05 14:32:07.500000+00:00,100.2339,487
2026-01-05 14:32:07.600000+00:00,100.2558,97
2026-01-05 14:32:07.700000+00:00,100.2502,67
2026-01-05 14:32:07.800000+00:00,100.2415,469
2026-01-05 14:32:07.900000+00:00,100.2466,126
2026-01-05 14:32:08+00:00,100.2479,139
2026-01-05 14:32:08.100000+00:00,100.2529,117
2026-01-05 14:32:08.200000+00:00,100.2429,774
2026-01-05 14:32:08.300000+00:00,100.2516,348
2026-01-05 14:32:08.400000+00:00,100.2627,112
2026-01-05 14:32:08.500000+00:00,100.2746,142
2026-01-05 14:32:08.600000+00:00,100.2623,251
2026-01-05 14:32:08.700000+00:00,100.2607,223
2026-01-05 14:32:08.800000+00:00,100.2494,417
2026-01-05 14:32:08.900000+00:00,100.2432,548
2026-01-05 14:32:09+00:00,100.2561,249
2026-01-05 14:32:09.100000+00:00,100.2575,283
2026-01-05 14:32:09.200000+00:00,100.2549,67
2026-01-05 14:32:09.300000+00:00,100.2458,472
2026-01-05 14:32:09.400000+00:00,100.259,46
2026-01-05 14:32:09.500000+00:00,100.253,185
2026-01-05 14:32:09.600000+00:00,100.2614,617
2026-01-05 14:32:09.700000+00:00,100.2405,144
2026-01-05 14:32:09.800000+00:00,100.2371,98
2026-01-05 14:32:09.900000+00:00,100.2389,80
2026-01-05 14:32:10+00:00,100.2421,205
2026-01-05 14:32:10.100000+00:00,100.2496,254
2026-01-05 14:32:10.200000+00:00,100.2549,269
2026-01-05 14:32:10.300000+00:00,100.2672,295
2026-01-05 14:32:10.400000+00:00,100.259,181
2026-01-05 14:32:10.500000+00:00,100.2505,139
2026-01-05 14:32:10.600000+00:00,100.2562,351
2026-01-05 14:32:10.700000+00:00,100.2399,287
2026-01-05 14:32:10.800000+00:00,100.2309,85
2026-01-05 14:32:10.900000+00:00,100.2216,41
2026-01-05 14:32:11+00:00,100.2348,434
2026-01-05 14:32:11.100000+00:00,100.2511,70
2026-01-05 14:32:11.200000+00:00,100.2477,98
2026-01-05 14:32:11.300000+00:00,100.2521,382
2026-01-05 14:32:11.400000+00:00,100.2865,340
2026-01-05 14:32:11.500000+00:00,100.2923,256
2026-01-05 14:32:11.600000+00:00,100.2955,79
2026-01-05 14:32:11.700000+00:00,100.3106,692
2026-01-05 14:32:11.800000+00:00,100.2943,79
2026-01-05 14:32:11.900000+00:00,100.3105,368
2026-01-05 14:32:12+00:00,100.314,224
2026-01-05 14:32:12.100000+00:00,100.3114,92
2026-01-05 14:32:12.200000+00:00,100.2925,461
2026-01-05 14:32:12.300000+00:00,100.3007,23
2026-01-05 14:32:12.400000+00:00,100.3094,3081
2026-01-05 14:32:12.500000+00:00,100.3099,107
2026-01-05 14:32:12.600000+00:00,100.3115,111
2026-01-05 14:32:12.700000+00:00,100.3166,199
2026-01-05 14:32:12.800000+00:00,100.3227,286
2026-01-05 14:32:12.900000+00:00,100.3097,190
2026-01-05 14:32:13+00:00,100.3346,166
2026-01-05 14:32:13.100000+00:00,100.326,457
2026-01-05 14:32:13.200000+00:00,100.3081,171
2026-01-05 14:32:13.300000+00:00,100.3003,94
2026-01-05 14:32:13.400000+00:00,100.3096,102
2026-01-05 14:32:13.500000+00:00,100.3104,305
2026-01-05 14:32:13.600000+00:00,100.3091,137
2026-01-05 14:32:13.700000+00:00,100.2994,198
2026-01-05 14:32:13.800000+00:00,100.2948,145
2026-01-05 14:32:13.900000+00:00,100.3066,294
2026-01-05 14:32:14+00:00,100.3096,187
2026-01-05 14:32:14.100000+00:00,100.3022,401
2026-01-05 14:32:14.200000+00:00,100.3108,63
2026-01-05 14:32:14.300000+00:00,100.3097,545
2026-01-05 14:32:14.400000+00:00,100.3021,165
2026-01-05 14:32:14.500000+00:00,100.3141,758
2026-01-05 14:32:14.600000+00:00,100.317,57
2026-01-05 14:32:14.700000+00:00,100.3159,50
2026-01-05 14:32:14.800000+00:00,100.3181,821
2026-01-05 14:32:14.900000+00:00,100.3156,59
2026-01-05 14:32:15+00:00,100.3054,62
2026-01-05 14:32:15.100000+00:00,100.2939,506
2026-01-05 14:32:15.200000+00:00,100.2929,25
2026-01-05 14:32:15.300000+00:00,100.2963,394
2026-01-05 14:32:15.400000+00:00,100.3031,213
2026-01-05 14:32:15.500000+00:00,100.3064,151
2026-01-05 14:32:15.600000+00:00,100.2845,195
2026-01-05 14:32:15.700000+00:00,100.2963,351
2026-01-05 14:32:15.800000+00:00,100.2895,303
2026-01-05 14:32:15.900000+00:00,100.2787,263
2026-01-05 14:32:16+00:00,100.2785,47
2026-01-05 14:32:16.100000+00:00,100.2767,105
2026-01-05 14:32:16.200000+00:00,100.2765,236
2026-01-05 14:32:16.300000+00:00,100.2908,211
2026-01-05 14:32:16.400000+00:00,100.303,73
2026-01-05 14:32:16.500000+00:00,100.3098,405
2026-01-05 14:32:16.600000+00:00,100.316,221
2026-01-05 14:32:16.700000+00:00,100.3203,127
2026-01-05 14:32:16.800000+00:00,100.3145,229
2026-01-05 14:32:16.900000+00:00,100.3001,87
2026-01-05 14:32:17+00:00,100.2986,222
2026-01-05 14:32:17.100000+00:00,100.2823,193
2026-01-05 14:32:17.200000+00:00,100.2917,289
2026-01-05 14:32:17.300000+00:00,100.2921,392
2026-01-05 14:32:17.400000+00:00,100.3126,449
2026-01-05 14:32:17.500000+00:00,100.3401,74
2026-01-05 14:32:17.600000+00:00,100.3504,758
2026-01-05 14:32:17.700000+00:00,100.3581,368
2026-01-05 14:32:17.800000+00:00,100.3364,56
2026-01-05 14:32:17.900000+00:00,100.3329,148
2026-01-05 14:32:18+00:00,100.3211,795
2026-01-05 14:32:18.100000+00:00,100.3006,305
2026-01-05 14:32:18.200000+00:00,100.311,619
2026-01-05 14:32:18.300000+00:00,100.3104,136
2026-01-05 14:32:18.400000+00:00,100.3164,120
2026-01-05 14:32:18.500000+00:00,100.3046,64
2026-01-05 14:32:18.600000+00:00,100.3051,215
2026-01-05 14:32:18.700000+00:00,100.2846,87
2026-01-05 14:32:18.800000+00:00,100.2825,372
2026-01-05 14:32:18.900000+00:00,100.2748,281
2026-01-05 14:32:19+00:00,100.2793,31
2026-01-05 14:32:19.100000+00:00,100.2821,436
2026-01-05 14:32:19.200000+00:00,100.2949,332
2026-01-05 14:32:19.300000+00:00,100.2923,164
2026-01-05 14:32:19.400000+00:00,100.2966,133
2026-01-05 14:32:19.500000+00:00,100.2973,95
2026-01-05 14:32:19.600000+00:00,100.3102,132
2026-01-05 14:32:19.700000+00:00,100.301,348
2026-01-05 14:32:19.800000+00:00,100.2875,207
2026-01-05 14:32:19.900000+00:00,100.2922,289
2026-01-05 14:32:20+00:00,100.2862,211
2026-01-05 14:32:20.100000+00:00,100.3026,119
2026-01-05 14:32:20.200000+00:00,100.3148,76
2026-01-05 14:32:20.300000+00:00,100.3026,306
2026-01-05 14:32:20.400000+00:00,100.2962,671
2026-01-05 14:32:20.500000+00:00,100.3191,82
2026-01-05 14:32:20.600000+00:00,100.3147,161
2026-01-05 14:32:20.700000+00:00,100.3278,536
2026-01-05 14:32:20.800000+00:00,100.3424,37
2026-01-05 14:32:20.900000+00:00,100.3264,84
2026-01-05 14:32:21+00:00,100.3268,122
2026-01-05 14:32:21.100000+00:00,100.3334,186
2026-01-05 14:32:21.200000+00:00,100.3418,95
2026-01-05 14:32:21.300000+00:00,100.3607,90
2026-01-05 14:32:21.400000+00:00,100.3753,790
2026-01-05 14:32:21.500000+00:00,100.3754,190
2026-01-05 14:32:21.600000+00:00,100.371,271
2026-01-05 14:32:21.700000+00:00,100.3714,90
2026-01-05 14:32:21.800000+00:00,100.3685,526
2026-01-05 14:32:21.900000+00:00,100.3747,498
2026-01-05 14:32:22+00:00,100.3655,300
2026-01-05 14:32:22.100000+00:00,100.3669,981
2026-01-05 14:32:22.200000+00:00,100.3673,103
2026-01-05 14:32:22.300000+00:00,100.3706,151
2026-01-05 14:32:22.400000+00:00,100.3717,2845
2026-01-05 14:32:22.500000+00:00,100.3811,408
2026-01-05 14:32:22.600000+00:00,100.3954,171
2026-01-05 14:32:22.700000+00:00,100.3921,68
2026-01-05 14:32:22.800000+00:00,100.3937,50
2026-01-05 14:32:22.900000+00:00,100.3889,391
2026-01-05 14:32:23+00:00,100.3908,2026
2026-01-05 14:32:23.100000+00:00,100.3941,161
2026-01-05 14:32:23.200000+00:00,100.393,710
2026-01-05 14:32:23.300000+00:00,100.3913,111
2026-01-05 14:32:23.400000+00:00,100.3941,68
2026-01-05 14:32:23.500000+00:00,100.3913,65
2026-01-05 14:32:23.600000+00:00,100.3953,333
2026-01-05 14:32:23.700000+00:00,100.3982,246
2026-01-05 14:32:23.800000+00:00,100.3966,219
2026-01-05 14:32:23.900000+00:00,100.3759,303
2026-01-05 14:32:24+00:00,100.3863,641
2026-01-05 14:32:24.100000+00:00,100.3835,449
2026-01-05 14:32:24.200000+00:00,100.3974,74
2026-01-05 14:32:24.300000+00:00,100.4117,238
2026-01-05 14:32:24.400000+00:00,100.3999,50
2026-01-05 14:32:24.500000+00:00,100.4027,848
2026-01-05 14:32:24.600000+00:00,100.4265,191
2026-01-05 14:32:24.700000+00:00,100.4275,34
2026-01-05 14:32:24.800000+00:00,100.4272,72
2026-01-05 14:32:24.900000+00:00,100.413,133
2026-01-05 14:32:25+00:00,100.42,314
2026-01-05 14:32:25.100000+00:00,100.4186,477
2026-01-05 14:32:25.200000+00:00,100.4213,175
2026-01-05 14:32:25.300000+00:00,100.4193,455
2026-01-05 14:32:25.400000+00:00,100.4232,57
2026-01-05 14:32:25.500000+00:00,100.4253,89
2026-01-05 14:32:25.600000+00:00,100.4261,86
2026-01-05 14:32:25.700000+00:00,100.4493,170
2026-01-05 14:32:25.800000+00:00,100.446,84
2026-01-05 14:32:25.900000+00:00,100.4529,749
2026-01-05 14:32:26+00:00,100.4696,1109
2026-01-05 14:32:26.100000+00:00,100.4772,71
2026-01-05 14:32:26.200000+00:00,100.4744,180
2026-01-05 14:32:26.300000+00:00,100.4799,387
2026-01-05 14:32:26.400000+00:00,100.4771,158
2026-01-05 14:32:26.500000+00:00,100.4917,70
2026-01-05 14:32:26.600000+00:00,100.4857,623
2026-01-05 14:32:26.700000+00:00,100.4925,70
2026-01-05 14:32:26.800000+00:00,100.5009,256
2026-01-05 14:32:26.900000+00:00,100.5002,338
2026-01-05 14:32:27+00:00,100.4805,103
2026-01-05 14:32:27.100000+00:00,100.482,307
2026-01-05 14:32:27.200000+00:00,100.471,122
2026-01-05 14:32:27.300000+00:00,100.469,210
2026-01-05 14:32:27.400000+00:00,100.4637,93
2026-01-05 14:32:27.500000+00:00,100.4774,722
2026-01-05 14:32:27.600000+00:00,100.4868,192
2026-01-05 14:32:27.700000+00:00,100.4897,696
2026-01-05 14:32:27.800000+00:00,100.4689,44
2026-01-05 14:32:27.900000+00:00,100.4468,246
2026-01-05 14:32:28+00:00,100.4452,45
2026-01-05 14:32:28.100000+00:00,100.4393,170
2026-01-05 14:32:28.200000+00:00,100.4401,234
2026-01-05 14:32:28.300000+00:00,100.4381,72
2026-01-05 14:32:28.400000+00:00,100.4368,194
2026-01-05 14:32:28.500000+00:00,100.4362,144
2026-01-05 14:32:28.600000+00:00,100.426,82
2026-01-05 14:32:28.700000+00:00,100.4384,55
2026-01-05 14:32:28.800000+00:00,100.4403,516
2026-01-05 14:32:28.900000+00:00,100.4386,87
2026-01-05 14:32:29+00:00,100.4413,495
2026-01-05 14:32:29.100000+00:00,100.4474,61
2026-01-05 14:32:29.200000+00:00,100.4336,354
2026-01-05 14:32:29.300000+00:00,100.443,633
2026-01-05 14:32:29.400000+00:00,100.4452,97
2026-01-05 14:32:29.500000+00:00,100.4504,192
2026-01-05 14:32:29.600000+00:00,100.4602,273
2026-01-05 14:32:29.700000+00:00,100.4567,26
2026-01-05 14:32:29.800000+00:00,100.4442,137
2026-01-05 14:32:29.900000+00:00,100.4444,506
2026-01-05 14:32:30+00:00,100.4567,221
2026-01-05 14:32:30.100000+00:00,100.4697,284
2026-01-05 14:32:30.200000+00:00,100.4583,347
2026-01-05 14:32:30.300000+00:00,100.4537,391
2026-01-05 14:32:30.400000+00:00,100.446,245
2026-01-05 14:32:30.500000+00:00,100.4516,316
2026-01-05 14:32:30.600000+00:00,100.4438,83
2026-01-05 14:32:30.700000+00:00,100.4401,58
2026-01-05 14:32:30.800000+00:00,100.4444,35
2026-01-05 14:32:30.900000+00:00,100.4575,378
2026-01-05 14:32:31+00:00,100.4511,270
2026-01-05 14:32:31.100000+00:00,100.4527,140
2026-01-05 14:32:31.200000+00:00,100.4462,65
2026-01-05 14:32:31.300000+00:00,100.4481,120
2026-01-05 14:32:31.400000+00:00,100.4418,614
2026-01-05 14:32:31.500000+00:00,100.4527,352
2026-01-05 14:32:31.600000+00:00,100.4269,42
2026-01-05 14:32:31.700000+00:00,100.4174,123
2026-01-05 14:32:31.800000+00:00,100.4235,217
2026-01-05 14:32:31.900000+00:00,100.4166,245
2026-01-05 14:32:32+00:00,100.4202,287
2026-01-05 14:32:32.100000+00:00,100.4213,139
2026-01-05 14:32:32.200000+00:00,100.4258,108
2026-01-05 14:32:32.300000+00:00,100.4277,370
2026-01-05 14:32:32.400000+00:00,100.4229,38
2026-01-05 14:32:32.500000+00:00,100.4228,480
2026-01-05 14:32:32.600000+00:00,100.421,648
2026-01-05 14:32:32.700000+00:00,100.4236,429
2026-01-05 14:32:32.800000+00:00,100.419,153
2026-01-05 14:32:32.900000+00:00,100.3948,592
2026-01-05 14:32:33+00:00,100.3909,29
2026-01-05 14:32:33.100000+00:00,100.4027,336
2026-01-05 14:32:33.200000+00:00,100.4087,60
2026-01-05 14:32:33.300000+00:00,100.4117,92
2026-01-05 14:32:33.400000+00:00,100.4067,50
2026-01-05 14:32:33.500000+00:00,100.4209,661
2026-01-05 14:32:33.600000+00:00,100.4279,106
2026-01-05 14:32:33.700000+00:00,100.4481,555
2026-01-05 14:32:33.800000+00:00,100.455,288
2026-01-05 14:32:33.900000+00:00,100.4636,517
2026-01-05 14:32:34+00:00,100.4539,24
2026-01-05 14:32:34.100000+00:00,100.469,171
2026-01-05 14:32:34.200000+00:00,100.4662,85
2026-01-05 14:32:34.300000+00:00,100.4725,118
2026-01-05 14:32:34.400000+00:00,100.4685,395
2026-01-05 14:32:34.500000+00:00,100.4601,58
2026-01-05 14:32:34.600000+00:00,100.4635,201
2026-01-05 14:32:34.700000+00:00,100.4535,70
2026-01-05 14:32:34.800000+00:00,100.4741,283
2026-01-05 14:32:34.900000+00:00,100.4716,84
2026-01-05 14:32:35+00:00,100.4678,238
2026-01-05 14:32:35.100000+00:00,100.4838,604
2026-01-05 14:32:35.200000+00:00,100.4745,379
2026-01-05 14:32:35.300000+00:00,100.4851,54
2026-01-05 14:32:35.400000+00:00,100.5073,70
2026-01-05 14:32:35.500000+00:00,100.5138,245
2026-01-05 14:32:35.600000+00:00,100.5093,69
2026-01-05 14:32:35.700000+00:00,100.5065,344
2026-01-05 14:32:35.800000+00:00,100.5263,332
2026-01-05 14:32:35.900000+00:00,100.5443,44
2026-01-05 14:32:36+00:00,100.5518,239
2026-01-05 14:32:36.100000+00:00,100.5348,173
2026-01-05 14:32:36.200000+00:00,100.515,412
2026-01-05 14:32:36.300000+00:00,100.5052,284
2026-01-05 14:32:36.400000+00:00,100.5104,54
2026-01-05 14:32:36.500000+00:00,100.5165,415
2026-01-05 14:32:36.600000+00:00,100.5125,120
2026-01-05 14:32:36.700000+00:00,100.5088,158
2026-01-05 14:32:36.800000+00:00,100.5246,137
2026-01-05 14:32:36.900000+00:00,100.5171,705
2026-01-05 14:32:37+00:00,100.4964,467
2026-01-05 14:32:37.100000+00:00,100.4951,214
2026-01-05 14:32:37.200000+00:00,100.4824,59
2026-01-05 14:32:37.300000+00:00,100.4972,63
2026-01-05 14:32:37.400000+00:00,100.5071,309
2026-01-05 14:32:37.500000+00:00,100.5004,980
2026-01-05 14:32:37.600000+00:00,100.5074,197
2026-01-05 14:32:37.700000+00:00,100.5092,157
2026-01-05 14:32:37.800000+00:00,100.5064,238
2026-01-05 14:32:37.900000+00:00,100.5021,242
2026-01-05 14:32:38+00:00,100.4961,397
2026-01-05 14:32:38.100000+00:00,100.4885,274
2026-01-05 14:32:38.200000+00:00,100.5043,701
2026-01-05 14:32:38.300000+00:00,100.5116,401
2026-01-05 14:32:38.400000+00:00,100.5136,448
2026-01-05 14:32:38.500000+00:00,100.5324,583
2026-01-05 14:32:38.600000+00:00,100.5596,171
2026-01-05 14:32:38.700000+00:00,100.5527,174
2026-01-05 14:32:38.800000+00:00,100.5554,211
2026-01-05 14:32:38.900000+00:00,100.5747,179
2026-01-05 14:32:39+00:00,100.5759,94
2026-01-05 14:32:39.100000+00:00,100.5727,421
2026-01-05 14:32:39.200000+00:00,100.5578,72
2026-01-05 14:32:39.300000+00:00,100.5683,76
2026-01-05 14:32:39.400000+00:00,100.5724,723
2026-01-05 14:32:39.500000+00:00,100.5523,73
2026-01-05 14:32:39.600000+00:00,100.5461,122
2026-01-05 14:32:39.700000+00:00,100.538,88
2026-01-05 14:32:39.800000+00:00,100.5414,79
2026-01-05 14:32:39.900000+00:00,100.535,203
2026-01-05 14:32:40+00:00,100.5466,279
2026-01-05 14:32:40.100000+00:00,100.5426,421
2026-01-05 14:32:40.200000+00:00,100.541,172
2026-01-05 14:32:40.300000+00:00,100.5205,128
2026-01-05 14:32:40.400000+00:00,100.5077,322
2026-01-05 14:32:40.500000+00:00,100.5273,74
2026-01-05 14:32:40.600000+00:00,100.5369,244
2026-01-05 14:32:40.700000+00:00,100.5371,305
2026-01-05 14:32:40.800000+00:00,100.5251,211
2026-01-05 14:32:40.900000+00:00,100.5178,501
2026-01-05 14:32:41+00:00,100.5136,60
2026-01-05 14:32:41.100000+00:00,100.5176,412
2026-01-05 14:32:41.200000+00:00,100.5084,229
2026-01-05 14:32:41.300000+00:00,100.5123,166
2026-01-05 14:32:41.400000+00:00,100.5308,150
2026-01-05 14:32:41.500000+00:00,100.5384,186
2026-01-05 14:32:41.600000+00:00,100.5328,120
2026-01-05 14:32:41.700000+00:00,100.5261,119
2026-01-05 14:32:41.800000+00:00,100.5355,152
2026-01-05 14:32:41.900000+00:00,100.546,70
2026-01-05 14:32:42+00:00,100.5246,109
2026-01-05 14:32:42.100000+00:00,100.5143,219
2026-01-05 14:32:42.200000+00:00,100.5152,841
2026-01-05 14:32:42.300000+00:00,100.5167,84
2026-01-05 14:32:42.400000+00:00,100.526,95
2026-01-05 14:32:42.500000+00:00,100.5165,97
2026-01-05 14:32:42.600000+00:00,100.5228,67
2026-01-05 14:32:42.700000+00:00,100.5211,105
2026-01-05 14:32:42.800000+00:00,100.5209,239
2026-01-05 14:32:42.900000+00:00,100.5206,515
2026-01-05 14:32:43+00:00,100.511,59
2026-01-05 14:32:43.100000+00:00,100.5108,78
2026-01-05 14:32:43.200000+00:00,100.5212,423
2026-01-05 14:32:43.300000+00:00,100.5177,17
2026-01-05 14:32:43.400000+00:00,100.5246,78
2026-01-05 14:32:43.500000+00:00,100.5358,433
2026-01-05 14:32:43.600000+00:00,100.5361,143
2026-01-05 14:32:43.700000+00:00,100.5272,134
2026-01-05 14:32:43.800000+00:00,100.5069,35
2026-01-05 14:32:43.900000+00:00,100.502,201
2026-01-05 14:32:44+00:00,100.522,251
2026-01-05 14:32:44.100000+00:00,100.5343,44
2026-01-05 14:32:44.200000+00:00,100.533,252
2026-01-05 14:32:44.300000+00:00,100.5331,704
2026-01-05 14:32:44.400000+00:00,100.5334,37
2026-01-05 14:32:44.500000+00:00,100.5405,162
2026-01-05 14:32:44.600000+00:00,100.5379,291
2026-01-05 14:32:44.700000+00:00,100.5398,214
2026-01-05 14:32:44.800000+00:00,100.5449,620
2026-01-05 14:32:44.900000+00:00,100.5433,171
2026-01-05 14:32:45+00:00,100.5416,132
2026-01-05 14:32:45.100000+00:00,100.5406,185
2026-01-05 14:32:45.200000+00:00,100.5208,103
2026-01-05 14:32:45.300000+00:00,100.5257,315
2026-01-05 14:32:45.400000+00:00,100.5395,230
2026-01-05 14:32:45.500000+00:00,100.5342,129
2026-01-05 14:32:45.600000+00:00,100.5569,266
2026-01-05 14:32:45.700000+00:00,100.5548,124
2026-01-05 14:32:45.800000+00:00,100.5658,191
2026-01-05 14:32:45.900000+00:00,100.5505,182
2026-01-05 14:32:46+00:00,100.5624,146
2026-01-05 14:32:46.100000+00:00,100.5607,47
2026-01-05 14:32:46.200000+00:00,100.5532,947
2026-01-05 14:32:46.300000+00:00,100.5573,376
2026-01-05 14:32:46.400000+00:00,100.572,214
2026-01-05 14:32:46.500000+00:00,100.5805,155
2026-01-05 14:32:46.600000+00:00,100.5788,52
2026-01-05 14:32:46.700000+00:00,100.5763,60
2026-01-05 14:32:46.800000+00:00,100.5793,220
2026-01-05 14:32:46.900000+00:00,100.5654,396
2026-01-05 14:32:47+00:00,100.5746,384
2026-01-05 14:32:47.100000+00:00,100.584,740
2026-01-05 14:32:47.200000+00:00,100.6026,18
2026-01-05 14:32:47.300000+00:00,100.5946,49
2026-01-05 14:32:47.400000+00:00,100.5932,163
2026-01-05 14:32:47.500000+00:00,100.6058,142
2026-01-05 14:32:47.600000+00:00,100.5897,40
2026-01-05 14:32:47.700000+00:00,100.5839,44
2026-01-05 14:32:47.800000+00:00,100.5725,288
2026-01-05 14:32:47.900000+00:00,100.573,108
2026-01-05 14:32:48+00:00,100.5716,182
2026-01-05 14:32:48.100000+00:00,100.5633,106
2026-01-05 14:32:48.200000+00:00,100.568,127
2026-01-05 14:32:48.300000+00:00,100.5802,41
2026-01-05 14:32:48.400000+00:00,100.5738,70
2026-01-05 14:32:48.500000+00:00,100.5673,122
2026-01-05 14:32:48.600000+00:00,100.5657,215
2026-01-05 14:32:48.700000+00:00,100.5665,1326
2026-01-05 14:32:48.800000+00:00,100.5841,51
2026-01-05 14:32:48.900000+00:00,100.595,354
2026-01-05 14:32:49+00:00,100.5961,66
2026-01-05 14:32:49.100000+00:00,100.6058,211
2026-01-05 14:32:49.200000+00:00,100.5992,433
2026-01-05 14:32:49.300000+00:00,100.5964,49
2026-01-05 14:32:49.400000+00:00,100.602,342
2026-01-05 14:32:49.500000+00:00,100.5924,145
2026-01-05 14:32:49.600000+00:00,100.5905,136
2026-01-05 14:32:49.700000+00:00,100.6005,523
2026-01-05 14:32:49.800000+00:00,100.6016,375
2026-01-05 14:32:49.900000+00:00,100.5984,441
2026-01-05 14:32:50+00:00,100.6043,176
2026-01-05 14:32:50.100000+00:00,100.6244,371
2026-01-05 14:32:50.200000+00:00,100.6358,156
2026-01-05 14:32:50.300000+00:00,100.6304,485
2026-01-05 14:32:50.400000+00:00,100.6379,154
2026-01-05 14:32:50.500000+00:00,100.6588,38
2026-01-05 14:32:50.600000+00:00,100.6669,44
2026-01-05 14:32:50.700000+00:00,100.6544,240
2026-01-05 14:32:50.800000+00:00,100.6614,205
2026-01-05 14:32:50.900000+00:00,100.6561,346
2026-01-05 14:32:51+00:00,100.6674,572
2026-01-05 14:32:51.100000+00:00,100.6543,105
2026-01-05 14:32:51.200000+00:00,100.653,132
2026-01-05 14:32:51.300000+00:00,100.6563,341
2026-01-05 14:32:51.400000+00:00,100.6593,160
2026-01-05 14:32:51.500000+00:00,100.663,166
2026-01-05 14:32:51.600000+00:00,100.6601,85
2026-01-05 14:32:51.700000+00:00,100.6587,544
2026-01-05 14:32:51.800000+00:00,100.6596,263
2026-01-05 14:32:51.900000+00:00,100.6714,374
2026-01-05 14:32:52+00:00,100.6754,238
2026-01-05 14:32:52.100000+00:00,100.6843,178
2026-01-05 14:32:52.200000+00:00,100.68,168
2026-01-05 14:32:52.300000+00:00,100.6651,309
2026-01-05 14:32:52.400000+00:00,100.685,87
2026-01-05 14:32:52.500000+00:00,100.692,286
2026-01-05 14:32:52.600000+00:00,100.6962,113
2026-01-05 14:32:52.700000+00:00,100.701,275
2026-01-05 14:32:52.800000+00:00,100.6807,568
2026-01-05 14:32:52.900000+00:00,100.6954,72
2026-01-05 14:32:53+00:00,100.6964,271
2026-01-05 14:32:53.100000+00:00,100.6835,562
2026-01-05 14:32:53.200000+00:00,100.6778,163
2026-01-05 14:32:53.300000+00:00,100.6866,37
2026-01-05 14:32:53.400000+00:00,100.6774,329
2026-01-05 14:32:53.500000+00:00,100.681,282
2026-01-05 14:32:53.600000+00:00,100.6833,140
2026-01-05 14:32:53.700000+00:00,100.6819,20
2026-01-05 14:32:53.800000+00:00,100.6847,124
2026-01-05 14:32:53.900000+00:00,100.6841,549
2026-01-05 14:32:54+00:00,100.6696,148
2026-01-05 14:32:54.100000+00:00,100.6791,129
2026-01-05 14:32:54.200000+00:00,100.6733,125
2026-01-05 14:32:54.300000+00:00,100.6795,134
2026-01-05 14:32:54.400000+00:00,100.6936,229
2026-01-05 14:32:54.500000+00:00,100.6893,164
2026-01-05 14:32:54.600000+00:00,100.6896,74
2026-01-05 14:32:54.700000+00:00,100.6736,54
2026-01-05 14:32:54.800000+00:00,100.6699,109
2026-01-05 14:32:54.900000+00:00,100.6614,50
2026-01-05 14:32:55+00:00,100.6829,131
2026-01-05 14:32:55.100000+00:00,100.6898,62
2026-01-05 14:32:55.200000+00:00,100.6777,255
2026-01-05 14:32:55.300000+00:00,100.6858,398
2026-01-05 14:32:55.400000+00:00,100.6796,165
2026-01-05 14:32:55.500000+00:00,100.6973,468
2026-01-05 14:32:55.600000+00:00,100.7014,111
2026-01-05 14:32:55.700000+00:00,100.7171,69
2026-01-05 14:32:55.800000+00:00,100.7279,99
2026-01-05 14:32:55.900000+00:00,100.7313,146
2026-01-05 14:32:56+00:00,100.7271,167
2026-01-05 14:32:56.100000+00:00,100.7231,175
2026-01-05 14:32:56.200000+00:00,100.7285,364
2026-01-05 14:32:56.300000+00:00,100.7285,635
2026-01-05 14:32:56.400000+00:00,100.7346,158
2026-01-05 14:32:56.500000+00:00,100.733,602
2026-01-05 14:32:56.600000+00:00,100.7256,409
2026-01-05 14:32:56.700000+00:00,100.7352,110
2026-01-05 14:32:56.800000+00:00,100.7419,556
2026-01-05 14:32:56.900000+00:00,100.7416,123
2026-01-05 14:32:57+00:00,100.7388,1326
2026-01-05 14:32:57.100000+00:00,100.731,135
2026-01-05 14:32:57.200000+00:00,100.7365,563
2026-01-05 14:32:57.300000+00:00,100.7396,59
2026-01-05 14:32:57.400000+00:00,100.754,60
2026-01-05 14:32:57.500000+00:00,100.7772,148
2026-01-05 14:32:57.600000+00:00,100.7783,130
2026-01-05 14:32:57.700000+00:00,100.7765,66
2026-01-05 14:32:57.800000+00:00,100.7813,129
2026-01-05 14:32:57.900000+00:00,100.7698,30
2026-01-05 14:32:58+00:00,100.7747,400
2026-01-05 14:32:58.100000+00:00,100.7726,102
2026-01-05 14:32:58.200000+00:00,100.7624,145
2026-01-05 14:32:58.300000+00:00,100.7764,453
2026-01-05 14:32:58.400000+00:00,100.7707,947
2026-01-05 14:32:58.500000+00:00,100.7728,316
2026-01-05 14:32:58.600000+00:00,100.7832,274
2026-01-05 14:32:58.700000+00:00,100.7956,110
2026-01-05 14:32:58.800000+00:00,100.7983,52
2026-01-05 14:32:58.900000+00:00,100.7916,37
2026-01-05 14:32:59+00:00,100.7905,474
2026-01-05 14:32:59.100000+00:00,100.7847,1084
2026-01-05 14:32:59.200000+00:00,100.784,60
2026-01-05 14:32:59.300000+00:00,100.7852,118
2026-01-05 14:32:59.400000+00:00,100.787,112
2026-01-05 14:32:59.500000+00:00,100.7828,476
2026-01-05 14:32:59.600000+00:00,100.7758,44
2026-01-05 14:32:59.700000+00:00,100.7643,81
2026-01-05 14:32:59.800000+00:00,100.779,361
2026-01-05 14:32:59.900000+00:00,100.7763,175
2026-01-05 14:33:00+00:00,100.7761,373
2026-01-05 14:33:00.100000+00:00,100.7906,655
2026-01-05 14:33:00.200000+00:00,100.7876,69
2026-01-05 14:33:00.300000+00:00,100.7963,213
2026-01-05 14:33:00.400000+00:00,100.7716,410
2026-01-05 14:33:00.500000+00:00,100.7773,53
2026-01-05 14:33:00.600000+00:00,100.7623,20
2026-01-05 14:33:00.700000+00:00,100.7527,172
2026-01-05 14:33:00.800000+00:00,100.7536,65
2026-01-05 14:33:00.900000+00:00,100.768,75
2026-01-05 14:33:01+00:00,100.7771,37
2026-01-05 14:33:01.100000+00:00,100.7741,75
2026-01-05 14:33:01.200000+00:00,100.7659,353
2026-01-05 14:33:01.300000+00:00,100.754,442
2026-01-05 14:33:01.400000+00:00,100.7548,64
2026-01-05 14:33:01.500000+00:00,100.7501,718
2026-01-05 14:33:01.600000+00:00,100.7466,80
2026-01-05 14:33:01.700000+00:00,100.7365,492
2026-01-05 14:33:01.800000+00:00,100.747,754
2026-01-05 14:33:01.900000+00:00,100.7301,908
2026-01-05 14:33:02+00:00,100.7195,167
2026-01-05 14:33:02.100000+00:00,100.733,1085
2026-01-05 14:33:02.200000+00:00,100.7364,193
2026-01-05 14:33:02.300000+00:00,100.7212,172
2026-01-05 14:33:02.400000+00:00,100.7222,289
2026-01-05 14:33:02.500000+00:00,100.7281,740
2026-01-05 14:33:02.600000+00:00,100.722,221
2026-01-05 14:33:02.700000+00:00,100.7286,838
2026-01-05 14:33:02.800000+00:00,100.719,139
2026-01-05 14:33:02.900000+00:00,100.7233,91
2026-01-05 14:33:03+00:00,100.7348,153
2026-01-05 14:33:03.100000+00:00,100.7379,54
2026-01-05 14:33:03.200000+00:00,100.7478,382
2026-01-05 14:33:03.300000+00:00,100.7469,301
2026-01-05 14:33:03.400000+00:00,100.758,365
2026-01-05 14:33:03.500000+00:00,100.7522,81
2026-01-05 14:33:03.600000+00:00,100.7588,445
2026-01-05 14:33:03.700000+00:00,100.7647,328
2026-01-05 14:33:03.800000+00:00,100.7565,241
2026-01-05 14:33:03.900000+00:00,100.7463,18
2026-01-05 14:33:04+00:00,100.7484,757
2026-01-05 14:33:04.100000+00:00,100.7295,680
2026-01-05 14:33:04.200000+00:00,100.7394,245
2026-01-05 14:33:04.300000+00:00,100.7345,102
2026-01-05 14:33:04.400000+00:00,100.7424,878
2026-01-05 14:33:04.500000+00:00,100.7557,398
2026-01-05 14:33:04.600000+00:00,100.7617,106
2026-01-05 14:33:04.700000+00:00,100.7582,223
2026-01-05 14:33:04.800000+00:00,100.7576,170
2026-01-05 14:33:04.900000+00:00,100.7711,235
2026-01-05 14:33:05+00:00,100.7638,120
2026-01-05 14:33:05.100000+00:00,100.7472,93
2026-01-05 14:33:05.200000+00:00,100.7534,68
2026-01-05 14:33:05.300000+00:00,100.7315,133
2026-01-05 14:33:05.400000+00:00,100.7265,170
2026-01-05 14:33:05.500000+00:00,100.7178,262
2026-01-05 14:33:05.600000+00:00,100.7213,407
2026-01-05 14:33:05.700000+00:00,100.7308,351
2026-01-05 14:33:05.800000+00:00,100.7244,168
2026-01-05 14:33:05.900000+00:00,100.7323,70
2026-01-05 14:33:06+00:00,100.7542,110
2026-01-05 14:33:06.100000+00:00,100.7684,87
2026-01-05 14:33:06.200000+00:00,100.7563,77
2026-01-05 14:33:06.300000+00:00,100.7592,228
2026-01-05 14:33:06.400000+00:00,100.7287,297
2026-01-05 14:33:06.500000+00:00,100.7092,91
2026-01-05 14:33:06.600000+00:00,100.7194,1123
2026-01-05 14:33:06.700000+00:00,100.7231,118
2026-01-05 14:33:06.800000+00:00,100.7188,79
2026-01-05 14:33:06.900000+00:00,100.7113,103
2026-01-05 14:33:07+00:00,100.7258,42
2026-01-05 14:33:07.100000+00:00,100.7308,96
2026-01-05 14:33:07.200000+00:00,100.7256,281
2026-01-05 14:33:07.300000+00:00,100.7442,112
2026-01-05 14:33:07.400000+00:00,100.7378,172
2026-01-05 14:33:07.500000+00:00,100.751,412
2026-01-05 14:33:07.600000+00:00,100.7467,333
2026-01-05 14:33:07.700000+00:00,100.7512,60
2026-01-05 14:33:07.800000+00:00,100.7586,258
2026-01-05 14:33:07.900000+00:00,100.7675,69
2026-01-05 14:33:08+00:00,100.7645,313
2026-01-05 14:33:08.100000+00:00,100.7619,59
2026-01-05 14:33:08.200000+00:00,100.7536,41
2026-01-05 14:33:08.300000+00:00,100.7414,890
2026-01-05 14:33:08.400000+00:00,100.7353,111
2026-01-05 14:33:08.500000+00:00,100.7272,272
2026-01-05 14:33:08.600000+00:00,100.7287,515
2026-01-05 14:33:08.700000+00:00,100.7127,566
2026-01-05 14:33:08.800000+00:00,100.7229,149
2026-01-05 14:33:08.900000+00:00,100.712,111
2026-01-05 14:33:09+00:00,100.7125,49
2026-01-05 14:33:09.100000+00:00,100.7249,214
2026-01-05 14:33:09.200000+00:00,100.7358,118
2026-01-05 14:33:09.300000+00:00,100.749,841
2026-01-05 14:33:09.400000+00:00,100.7592,297
2026-01-05 14:33:09.500000+00:00,100.7451,296
2026-01-05 14:33:09.600000+00:00,100.7429,201
2026-01-05 14:33:09.700000+00:00,100.7192,107
2026-01-05 14:33:09.800000+00:00,100.7213,534
2026-01-05 14:33:09.900000+00:00,100.7018,320
2026-01-05 14:33:10+00:00,100.7063,79
2026-01-05 14:33:10.100000+00:00,100.6935,208
2026-01-05 14:33:10.200000+00:00,100.6925,264
2026-01-05 14:33:10.300000+00:00,100.6857,95
2026-01-05 14:33:10.400000+00:00,100.6808,276
2026-01-05 14:33:10.500000+00:00,100.672,117
2026-01-05 14:33:10.600000+00:00,100.6592,560
2026-01-05 14:33:10.700000+00:00,100.6477,404
2026-01-05 14:33:10.800000+00:00,100.6324,325
2026-01-05 14:33:10.900000+00:00,100.6298,313
2026-01-05 14:33:11+00:00,100.6311,733
2026-01-05 14:33:11.100000+00:00,100.6197,127
2026-01-05 14:33:11.200000+00:00,100.6326,81
2026-01-05 14:33:11.300000+00:00,100.6185,151
2026-01-05 14:33:11.400000+00:00,100.6128,269
2026-01-05 14:33:11.500000+00:00,100.6002,124
2026-01-05 14:33:11.600000+00:00,100.5927,44
2026-01-05 14:33:11.700000+00:00,100.5913,106
2026-01-05 14:33:11.800000+00:00,100.584,36
2026-01-05 14:33:11.900000+00:00,100.5739,246
2026-01-05 14:33:12+00:00,100.5784,1164
2026-01-05 14:33:12.100000+00:00,100.5785,518
2026-01-05 14:33:12.200000+00:00,100.5657,99
2026-01-05 14:33:12.300000+00:00,100.5655,704
2026-01-05 14:33:12.400000+00:00,100.5407,181
2026-01-05 14:33:12.500000+00:00,100.5428,302
2026-01-05 14:33:12.600000+00:00,100.5556,92
2026-01-05 14:33:12.700000+00:00,100.5557,100
2026-01-05 14:33:12.800000+00:00,100.5604,75
2026-01-05 14:33:12.900000+00:00,100.5728,155
2026-01-05 14:33:13+00:00,100.5693,57
2026-01-05 14:33:13.100000+00:00,100.5589,93
2026-01-05 14:33:13.200000+00:00,100.5582,519
2026-01-05 14:33:13.300000+00:00,100.577,178
2026-01-05 14:33:13.400000+00:00,100.5679,2307
2026-01-05 14:33:13.500000+00:00,100.5789,325
2026-01-05 14:33:13.600000+00:00,100.5789,119
2026-01-05 14:33:13.700000+00:00,100.5825,162
2026-01-05 14:33:13.800000+00:00,100.5751,662
2026-01-05 14:33:13.900000+00:00,100.5698,264
2026-01-05 14:33:14+00:00,100.5823,273
2026-01-05 14:33:14.100000+00:00,100.5819,238
2026-01-05 14:33:14.200000+00:00,100.5662,53
2026-01-05 14:33:14.300000+00:00,100.5673,84
2026-01-05 14:33:14.400000+00:00,100.5671,169
2026-01-05 14:33:14.500000+00:00,100.5673,530
2026-01-05 14:33:14.600000+00:00,100.5442,52
2026-01-05 14:33:14.700000+00:00,100.5266,231
2026-01-05 14:33:14.800000+00:00,100.5388,478
2026-01-05 14:33:14.900000+00:00,100.5403,849
2026-01-05 14:33:15+00:00,100.5224,294
2026-01-05 14:33:15.100000+00:00,100.5143,375
2026-01-05 14:33:15.200000+00:00,100.5046,108
2026-01-05 14:33:15.300000+00:00,100.5105,262
2026-01-05 14:33:15.400000+00:00,100.5042,137
2026-01-05 14:33:15.500000+00:00,100.5157,146
2026-01-05 14:33:15.600000+00:00,100.5,459
2026-01-05 14:33:15.700000+00:00,100.4982,139
2026-01-05 14:33:15.800000+00:00,100.4998,101
2026-01-05 14:33:15.900000+00:00,100.5128,509
2026-01-05 14:33:16+00:00,100.4994,432
2026-01-05 14:33:16.100000+00:00,100.5033,640
2026-01-05 14:33:16.200000+00:00,100.5062,67
2026-01-05 14:33:16.300000+00:00,100.5077,43
2026-01-05 14:33:16.400000+00:00,100.5163,430
2026-01-05 14:33:16.500000+00:00,100.5268,20
2026-01-05 14:33:16.600000+00:00,100.5374,123
2026-01-05 14:33:16.700000+00:00,100.5443,93
2026-01-05 14:33:16.800000+00:00,100.5407,28
2026-01-05 14:33:16.900000+00:00,100.5549,99
2026-01-05 14:33:17+00:00,100.5632,187
2026-01-05 14:33:17.100000+00:00,100.5639,119
2026-01-05 14:33:17.200000+00:00,100.5598,308
2026-01-05 14:33:17.300000+00:00,100.5734,196
2026-01-05 14:33:17.400000+00:00,100.5706,44
2026-01-05 14:33:17.500000+00:00,100.5769,90
2026-01-05 14:33:17.600000+00:00,100.5802,453
2026-01-05 14:33:17.700000+00:00,100.5735,34
2026-01-05 14:33:17.800000+00:00,100.5722,107
2026-01-05 14:33:17.900000+00:00,100.5721,389
2026-01-05 14:33:18+00:00,100.5789,354
2026-01-05 14:33:18.100000+00:00,100.5756,303
2026-01-05 14:33:18.200000+00:00,100.5548,168
2026-01-05 14:33:18.300000+00:00,100.5561,142
2026-01-05 14:33:18.400000+00:00,100.5521,279
2026-01-05 14:33:18.500000+00:00,100.5606,67
2026-01-05 14:33:18.600000+00:00,100.5548,95
2026-01-05 14:33:18.700000+00:00,100.5605,145
2026-01-05 14:33:18.800000+00:00,100.5493,269
2026-01-05 14:33:18.900000+00:00,100.5561,115
2026-01-05 14:33:19+00:00,100.5524,380
2026-01-05 14:33:19.100000+00:00,100.5492,270
2026-01-05 14:33:19.200000+00:00,100.5418,534
2026-01-05 14:33:19.300000+00:00,100.544,206
2026-01-05 14:33:19.400000+00:00,100.5208,187
2026-01-05 14:33:19.500000+00:00,100.5105,202
2026-01-05 14:33:19.600000+00:00,100.5303,169
2026-01-05 14:33:19.700000+00:00,100.5286,91
2026-01-05 14:33:19.800000+00:00,100.5264,81
2026-01-05 14:33:19.900000+00:00,100.5185,397
